tip,id_ploshadki,servisnyy_id,adres_razmeshcheniya,rayon,id_sk1,naimenovanie_sk1,status_oborudovaniya1,tip_sk_po_dogovoru1,id_sk2,naimenovanie_sk2,status_oborudovaniya2,tip_sk_po_dogovoru2,id_sk3,naimenovanie_sk3,status_oborudovaniya3,tip_sk_po_dogovoru3,id_sk4,naimenovanie_sk4,status_oborudovaniya4,tip_sk_po_dogovoru4,id_sk5,naimenovanie_sk5,status_oborudovaniya5,tip_sk_po_dogovoru5,planovaya_data_1_kv_2026,id_sk6,naimenovanie_sk6,status_oborudovaniya6,tip_sk_po_dogovoru6
УД,196614426,EMTS1727,"г. Сестрорецк, ул. Пушкинская, д.8",Курортный,208386725,Daikin внутр.FT25CV1A8/внеш.R25CV1A,Активирован,1,208386727,Daikin внутр.FT25CV1A8/внеш.R25CV1A,Активирован,1,,,,,,,,,,,,,20260209,,,,
УД,196614447,EMTS829,"г. Зеленогорск, пр. Ленина, д.12",Курортный,210300874,Daikin внутр.FT25CV1A8/внеш.R25CV1A,Активирован,1,210300876,Daikin внутр.FT25CV1A8/внеш.R25CV1A,Активирован,1,,,,,,,,,,,,,20260204,,,,
УД,196614460,EMTS3713,"г. Зеленогорск, пр. Ленина, д.8",Курортный,210300849,Daikin внутр.FT25DVM/внеш.R25DV1,Активирован,1,210300847,Daikin внутр.FT25DVM/внеш.R25DV1,Активирован,1,,,,,,,,,,,,,20260204,,,,
УД,196614480,EMTS834,"г. Колпино, ул. Веры Слуцкой, д.32",Колпинский,208386469,Panasonic внутр.CS-C9GKD/внеш.CU-C9GKD,Активирован,1,208386471,Panasonic внутр.CS-C9GKD/внеш.CU-C9GKD,Активирован,1,,,,,,,,,,,,,20260224,,,,
УД,196614483,EMTS836,"г. Колпино, ул. Веры Слуцкой, д.50",Колпинский,208386473,Panasonic внутр.CS-C9GKD/внеш.CU-C9GKD,Активирован,1,208386475,Mitsubishi Electric внутр.SRK28HG-S/внеш.SRС28HG-S,Активирован,1,,,,,,,,,,,,,20260224,,,,
УД,196614507,EMTS1568,"г. Колпино, пр. Заводской, д.56",Колпинский,208385983,Daikin внутр.FT25CV1A8/внеш.R25CV1A,Активирован,1,208385985,Daikin внутр.FT25CV1A8/внеш.R25DV1,Активирован,1,,,,,,,,,,,,,20260224,,,,
УД,196614526,EMTS1570,"г. Колпино, ул. Ижорского Батальона, д.21",Колпинский,208385987,Daikin внутр.FT25CV1A8/внеш.R25CV1A,Активирован,1,208385989,Daikin внутр.FT25CV1A8/внеш.R25CV1A,Активирован,1,,,,,,,,,,,,,20260304,,,,
УД,196614555,EMTS1571,"г. Колпино, ул. Культуры, д.16",Колпинский,208385991,Daikin внутр.FT25CV1A8/внеш.R25CV1A,Активирован,1,244350675,Kentatsu внутр.KSGA26HFAN1/внеш.KSRA26HFAN1,Активирован,1,208385993,Daikin внутр.FT25CV1A8/внеш.R25CV1A,На складе,1,,,,,,,,,20260304,,,,
УД,196614575,EMTS833,"г. Колпино, пр. Ленина, д.46",Колпинский,208386467,Daikin внутр.FT25DVM/внеш.R25DV1,Активирован,1,,,,,,,,,,,,,,,,,20260224,,,,
УД,196614679,EMTS1572,"г. Колпино, ул. Труда, д.6",Колпинский,208385995,Daikin внутр.FTY25GXV1/внеш.RY25GXV1,Активирован,1,208385997,Daikin внутр.FTY25GXV1/внеш.RY25GXV1,Активирован,1,,,,,,,,,,,,,20260224,,,,
УД,196614686,EMTS1566,"г. Колпино, бул. Трудящихся, д.32",Колпинский,241208501,Kentatsu внутр.KSGPA26HZRN1 / внеш.KSRPA26HZRN1,Активирован,1,239905308,Kentatsu внутр.KSGI26HFAN1/внеш.KSRI26HFAN1/-40,Активирован,1,,,,,,,,,,,,,20260224,,,,
УД,196614702,EMTS3709,"п. Комарово, ул. Пушкина, д.10",Курортный,239926598,Kentatsu внутр.KSGI26HFAN1/внеш.KSRI26HFAN1/-40,Активирован,1,244337465,Kentatsu внутр.KSGA26HFAN1/внеш.KSRA26HFAN1,Активирован,1,,,,,,,,,,,,,20260204,,,,
УД,196614738,EMTS840,"г. Красное Село, ул. Нарвская, д.2",Красносельский,208386477,Daikin внутр.FT25CV1A8/внеш.R25CV1A,Активирован,1,208386479,Daikin внутр.FT25CV1A8/внеш.R25CV1A,Активирован,1,,,,,,,,,,,,,20260311,,,,
УД,196614742,EMTS841,"г. Красное Село, ул. Освобождения, д.15",Красносельский,209974760,Mitsubishi Electric внутр.SRK28HG-S/внеш.SRС28HG-S,Активирован,1,208386481,Daikin внутр.FT25CV1A8/внеш.R25CV1A,Активирован,1,,,,,,,,,,,,,20260319,,,,
УД,196614823,EMTS842,"г. Кронштадт, ул. Комсомола, д.2",Кронштадтский,208386485,Daikin внутр.FT25DVM/внеш.R25DV1,Активирован,1,,,,,,,,,,,,,,,,,20260205,,,,
УА,196614850,EMTS809,"г. Кронштадт, пр. Ленина, д.36",Кронштадтский,238952932,Daikin внутр. FAA100A/внешн. RR100BW/-40T,Активирован,3,238952933,Daikin внутр. FAA100A/внешн. RR100BW/-40T,Активирован,3,243154015,Kentatsu Otari внутр.KSGOT70HZRN1/внеш.KSROT70HZRN1,Активирован,2,209799714,Mitsubishi Heavy внутр.SRK80ZM-S/внеш.SRC80ZM-S,Активирован,3,222604493,Mitsubishi Heavy внутр.SRK80ZSPR-S/внеш.SRC80ZSPR-S,На складе,3,20260205,,,,
УД,196614920,EMTS844,"г. Кронштадт, ул. Советская, д.49",Кронштадтский,209139785,Daikin внутр.FT25DVM/внеш.R25DV1,Активирован,1,224441291,Royal Clima внутр.RC-VR29HN/внеш. RC-VR29HN,Активирован,1,,,,,,,,,,,,,20260205,,,,
УД,196614947,EMTS845,"г. Кронштадт, ул. Флотская, д.5",Кронштадтский,208386493,Panasonic внутр.CS-C9GKD/внеш.CU-C9GKD,Активирован,1,222568096,Mitsubishi Electric внутр.MS-GF25VA/внеш.MU-GF25VA,Активирован,1,,,,,,,,,,,,,20260205,,,,
ТД,196615002,EMTS47,"г. Ломоносов, пр. Дворцовый, д.47А",Петродворцовый,208386383,Fujitsu General внутр.ASH12USBCW/внеш.AOH12UGBC,Активирован,1,,,,,,,,,,,,,,,,,,,,,
УД,196615027,EMTS847,"г. Ломоносов, ул. Победы, д.1",Петродворцовый,209156110,Daikin внутр.FT25DVM/внеш.R25DV1,Активирован,1,208386495,Panasonic внутр.CS-C9GKD/внеш.CU-C9GKD,Активирован,1,,,,,,,,,,,,,20260220,,,,
УД,196615050,EMTS1052,"п. Металлострой, ул. Пионерская, д.1",Колпинский,208386377,Daikin внутр.FT25DVM/внеш.R25DV1,Активирован,1,,,,,,,,,,,,,,,,,20260304,,,,
УД,196615080,EMTS1728,"п. Металлострой, ул. Центральная, д.24",Колпинский,208386729,Daikin внутр.FT25CV1A8/внеш.R25CV1A,Активирован,1,208386731,Daikin внутр.FT25CV1A8/внеш.R25CV1A,Активирован,1,,,,,,,,,,,,,20260304,,,,
УД,196615106,EMTS1576,"г. Павловск, ул. Госпитальная, д.17",Пушкинский,208386011,Daikin внутр.FT25DVM/внеш.R25DV1,Активирован,1,208386013,Daikin внутр.FT25DVM/внеш.R25DV1,Активирован,1,,,,,,,,,,,,,20260312,,,,
УД,196615146,EMTS4844,"г. Павловск, пер. Песчаный, д.11/16А",Пушкинский,222397096,Кондиционер Daikin внутр. FTYN25LV1B/внеш. RYN25LV1B,Активирован,2,222397087,Кондиционер Daikin внутр. FTYN25LV1B/внеш. RYN25LV1B,Активирован,2,208386499,Daikin внутр.FT25DVM/внеш.R25DV1,Активирован,1,,,,,,,,,20260312,,,,
УД,196615185,EMTS1729,"п. Парголово, ул. Ломоносова, д.90",Выборгский,208386733,Daikin внутр.FT25CV1A8/внеш.R25CV1A,Активирован,1,208386735,Daikin внутр.FT25CV1A8/внеш.R25CV1A,Активирован,1,,,,,,,,,,,,,20260213,,,,
УД,196615275,EMTS546,"г. Петергоф, ул. Константиновская, д.1",Петродворцовый,219254112,Mitsubishi Heavy внутр.SRK80SPZR-S/внеш.SRC80SPZR-S,Активирован,3,224146514,Mitsubishi Electric внутр.MS-GF50VA/внеш.MU-GF50VА,Активирован,2,,,,,,,,,,,,,20260220,,,,
УД,196615308,EMTS358,"г. Петергоф, бул. Разведчика, д.10, корп.3",Петродворцовый,210096060,Daikin внутр.FTY 50GAV1A8/внеш.RY 50GAV1A,Активирован,1,,,,,,,,,,,,,,,,,20260220,,,,
УД,196615374,EMTS1577,"г. Петергоф, пр. Санкт-петербургский, д.6",Петродворцовый,208386017,Daikin внутр.FT25CV1A8/внеш.R25DV1,Активирован,1,215510894,Mitsubishi Electric внутр.MS-GF25VA/внеш.MU-GF25VA,Активирован,1,,,,,,,,,,,,,20260311,,,,
УД,196615377,EMTS852,"г. Петергоф, пр. Санкт-петербургский, д.6А",Петродворцовый,208386505,Panasonic внутр.CS-C9HKD/внеш.CU-C9HKD,Активирован,1,244150935,Сплит-система Kentatsu KSGA26HFAN1 / KSRA26HFAN1,Активирован,1,208386507,Panasonic внутр.CS-C9HKD/внеш.CU-C9HKD,На складе,1,,,,,,,,,20260220,,,,
УД,196615459,EMTS850,"г. Петергоф, бул. Эрлеровский, д.18",Петродворцовый,211311118,Mitsubishi Electric внутр.SRK28HG-S/внеш.SRС28HG-S,Активирован,1,211311130,Mitsubishi Electric внутр.SRK28HG-S/внеш.SRС28HG-S,Активирован,1,,,,,,,,,,,,,20260220,,,,
УД,196615485,EMTS409,"п. Понтонный, ул. Александра Товпеко, д.17А",Колпинский,210090706,Lessar внутр.LS-H09KBA2/внеш.LU-H09KBA2,Активирован,1,,,,,,,,,,,,,,,,,20260221,,,,
УД,196615517,EMTS1736,"г. Пушкин, ул. Вячеслава Шишкова, д.32",Пушкинский,208386749,Daikin внутр.FT25CV1A8/внеш.R25CV1A,Активирован,1,208386751,Daikin внутр.FT25CV1A8/внеш.R25CV1A,Активирован,1,,,,,,,,,,,,,20260225,,,,
УД,196615579,EMTS856,"г. Пушкин, ул. Ленинградская, д.36",Пушкинский,215879352,Mitsubishi Electric внутр.MS-GF25VA/внеш.MU-GF25VA,Активирован,1,243886900,Kentatsu внутр.KSGA26HFAN1/внеш.KSRA26HFAN1,Активирован,1,208385849,Panasonic внутр.CS-C9GKD/внеш.CU-C9GKD,На складе,1,,,,,,,,,20260225,,,,
УД,196615615,EMTS1582,"г. Пушкин, ул. Магазейная, д.25",Пушкинский,223630593,Mitsubishi Electric внутр.MS-GF25VA/внеш.MU-GF25VA,Активирован,1,242862247,Daichi внутр.SIB35AVQS1R/внеш.SIB35FVS1R,Активирован,1,,,,,,,,,,,,,20260312,,,,
УД,196615620,EMTS859,"г. Пушкин, ул. Малая, д.20",Пушкинский,215683184,Mitsubishi Electric внутр.MS-GF25VA/внеш.MU-GF25VA,Активирован,1,209001098,Mitsubishi Electric внутр.SRK28HG-S/внеш.SRС28HG-S,Активирован,1,,,,,,,,,,,,,20260225,,,,
УА,196615668,EMTS811,"г. Пушкин, бул. Октябрьский, д.24",Пушкинский,211839884,Mitsubishi Heavy внутр.SRK80ZM-S/внеш.SRC80ZM-S,Активирован,3,211839885,Mitsubishi Heavy внутр.SRK80ZM-S/внеш.SRC80ZM-S,Активирован,3,,,,,,,,,,,,,20260225,,,,
УД,196615722,EMTS1584,"г. Пушкин, ул. Пушкинская, д.34",Пушкинский,208386035,Daikin внутр.FT25CV1A8/внеш.R25CV1A,Активирован,1,208386037,Daikin внутр.FT25CV1A8/внеш.R25CV1A,Активирован,1,,,,,,,,,,,,,20260312,,,,
УД,196615733,EMTS7070,"г. Пушкин, бул. Софийский, д.1, корп.2",Пушкинский,208386019,Daikin внутр.FTY25GXV1/внеш.R25CV1A,Активирован,1,208386021,Daikin внутр.FTY25GXV1/внеш.R25CV1A,Активирован,1,,,,,,,,,,,,,20260312,,,,
УД,196615735,EMTS855,"г. Пушкин, бул. Софийский, д.28",Пушкинский,208386509,Daikin внутр.FT25DVM/внеш.R25DV1,Активирован,1,219449034,Royal Clima внутр.RCI-A21HN/внеш.RCI-A21HN,Активирован,1,,,,,,,,,,,,,20260225,,,,
УД,196615824,EMTS958,"г. Санкт-Петербург, ул. Автовская, д.18",Кировский,240919841,Kentatsu внутр.KSGPA26HZRN1 / внеш.KSRPA26HZRN1,Активирован,1,240919816,Kentatsu внутр.KSGPA26HZRN1 / внеш.KSRPA26HZRN1,Активирован,1,,,,,,,,,,,,,20260313,,,,
УД,196615907,EMTS873,"г. Санкт-Петербург, пер. Антоненко, д.8",Адмиралтейский,208385879,Panasonic внутр.CS-C9GKD/внеш.CU-PC9GKD,Активирован,1,211902239,Daikin внутр.FT25DVM/внеш.R25DV1,Активирован,1,,,,,,,,,,,,,20260126,,,,
УД,196615981,EMTS960,"г. Санкт-Петербург, ул. Бабушкина, д.64",Невский,240861022,Mitsubishi Electric внутр.MS-GF25VA/внеш.MU-GF25VA,Активирован,1,208386261,Panasonic внутр.CS-C9GKD/внеш.CU-C9GKD,Активирован,1,,,,,,,,,,,,,20260122,,,,
УД,196616005,EMTS1681,"г. Санкт-Петербург, ул. Малая Балканская, д.48",Фрунзенский,208386611,Daikin внутр.FT25CV1A8/внеш.R25CV1A,Активирован,1,208386613,Daikin внутр.FT25CV1A8/внеш.R25CV1A,Активирован,1,,,,,,,,,,,,,20260302,,,,
УД,196616015,EMTS1603,"г. Санкт-Петербург, пл. Балтийского Вокзала, д.1",Адмиралтейский,208386075,Daikin внутр.FT25CV1A8/внеш.R25CV1A,Активирован,1,208386073,Daikin внутр.FT25CV1A8/внеш.R25CV1A,Активирован,1,,,,,,,,,,,,,20260128,,,,
УД,196616097,EMTS1770,"г. Санкт-Петербург, ул. Бестужевская, д.59А",Красногвардейский,209020074,Daikin внутр.FT25DVM/внеш.R25DV1,Активирован,1,209020075,Daikin внутр.FT25DVM/внеш.R25DV1,Активирован,1,,,,,,,,,,,,,20260123,,,,
УД,196616159,EMTS1642,"г. Санкт-Петербург, ул. Бобруйская, д.9",Калининский,210783924,Daikin внутр.FT25DVM/внеш.R25DV1,Активирован,1,224182440,Mitsubishi Electric внутр.MS-GF25VA/внеш.MU-GF25VA,Активирован,1,,,,,,,,,,,,,20260323,,,,
УД,196616196,EMTS882,"г. Санкт-Петербург, пр. Богатырский, д.9",Приморский,208385893,Panasonic внутр.CS-C9GKD/внеш.CU-C9GKD,Активирован,1,222574562,Mitsubishi Electric внутр.MS-GF25VA/внеш.MU-GF25VA,Активирован,1,,,,,,,,,,,,,20260210,,,,
УД,196616209,EMTS883,"г. Санкт-Петербург, пр. Большевиков, д.2",Невский,208385897,Panasonic внутр.CS-C9GKD/внеш.CU-C9GKD,Активирован,1,242862233,Daichi внутр.SIB35AVQS1R/внеш.SIB35FVS1R,Активирован,1,,,,,,,,,,,,,20260116,,,,
УД,196616219,EMTS1732,"г. Санкт-Петербург, пр. Большевиков, д.30, корп.5",Невский,208386745,Daikin внутр.FT25CV1A8/внеш.R25CV1A,Активирован,1,208386747,Daikin внутр.FT25CV1A8/внеш.R25CV1A,Активирован,1,,,,,,,,,,,,,20260303,,,,
УА,196616281,EMTS814,"г. Санкт-Петербург, пр. Большой В.О., д.55",Василеостровский,208386411,Mitsubishi Electric внутр.MSC-07RV/внеш.MU-07RV,Активирован,3,224053594,Mitsubishi Heavy внутр.SRK80ZSPR-S/внеш.SRC80ZSPR-S,Активирован,1,,,,,,,,,,,,,20260211,,,,
УД,196616334,EMTS887,"г. Санкт-Петербург, пр. Большой П.С., д.65",Петроградский,208385901,Panasonic внутр.CS-C9GKD/внеш.CU-C9GKD,Активирован,1,208385903,Panasonic внутр.CS-C9GKD/внеш.CU-C9GKD,Активирован,1,,,,,,,,,,,,,20260113,,,,
УД,196616347,EMTS1644,"г. Санкт-Петербург, ул. Боровая, д.112",Фрунзенский,208386189,Daikin внутр.FT25CV1A8/внеш.R25CV1A,Активирован,1,224736078,Royal Clima внутр.RCI-A21HN/внеш.RCI-A21HN,Активирован,1,,,,,,,,,,,,,20260216,,,,
УД,196616378,EMTS967,"г. Санкт-Петербург, ул. Будапештская, д.20, корп.1",Фрунзенский,208386267,Daikin внутр.FT25DVM/внеш.R25DV1,Активирован,1,,,,,,,,,,,,,,,,,20260302,,,,
УД,196616395,EMTS1645,"г. Санкт-Петербург, ул. Будапештская, д.44, корп.2",Фрунзенский,208386191,Daikin внутр.FT25CV1A8/внеш.R25CV1A,Активирован,1,208386193,Daikin внутр.FT25CV1A8/внеш.R25CV1A,Активирован,1,,,,,,,,,,,,,20260302,,,,
УД,196616411,EMTS969,"г. Санкт-Петербург, ул. Будапештская, д.66, корп.2",Фрунзенский,208386269,Daikin внутр.FT25DVM/внеш.R25DV1,Активирован,1,,,,,,,,,,,,,,,,,20260120,,,,
УД,196616446,EMTS1647,"г. Санкт-Петербург, ул. Бухарестская, д.160",Фрунзенский,208386195,Daikin внутр.FT25CV1A8/внеш.R25CV1A,Активирован,1,208386197,Daikin внутр.FT25CV1A8/внеш.R25CV1A,Активирован,1,,,,,,,,,,,,,20260302,,,,
УД,196616475,EMTS970,"г. Санкт-Петербург, ул. Вавиловых, д.14",Калининский,241453876,Kentatsu внутр.KSGPA26HZRN1 / внеш.KSRPA26HZRN1,Активирован,1,208386273,Daikin внутр.FT25CV1A8/внеш.R25CV1A,Активирован,1,,,,,,,,,,,,,20260212,,,,
УД,196616490,EMTS1648,"г. Санкт-Петербург, ул. Варшавская, д.1А",Московский,215633358,Mitsubishi Electric внутр.MS-GF25VA/внеш.MU-GF25VA,Активирован,1,209544473,Daikin внутр.ATY20DV2/внеш.ARY20DV2,Активирован,1,,,,,,,,,,,,,20260317,,,,
УД,196616505,EMTS972,"г. Санкт-Петербург, ул. Варшавская, д.37, корп.1",Московский,208699781,Mitsubishi Electric внутр.SRK28HG-S/внеш.SRС28HG-S,Активирован,1,240414770,Kentatsu внутр.KSGPA26HZRN1 / внеш.KSRPA26HZRN1,Активирован,1,,,,,,,,,,,,,20260129,,,,
УД,196616508,EMTS1649,"г. Санкт-Петербург, ул. Варшавская, д.37, корп.3",Московский,209539129,Daikin внутр.FT25CV1A8/внеш.R25CV1A,Активирован,1,209539151,Daikin внутр.FT25CV1A8/внеш.R25CV1A,Активирован,1,,,,,,,,,,,,,20260129,,,,
УД,196616615,EMTS1604,"г. Санкт-Петербург, пр. Ветеранов, д.141, корп.3",Кировский,208386077,Daikin внутр.FT25CV1A8/внеш.R25CV1A,Активирован,1,208386079,Daikin внутр.FT25CV1A8/внеш.R25CV1A,Активирован,1,,,,,,,,,,,,,20260206,,,,
УД,196616617,EMTS888,"г. Санкт-Петербург, пр. Ветеранов, д.143, корп.2",Кировский,208386465,LG Plasma внутр.S07LHU/внеш.S07LHU,Активирован,1,,,,,,,,,,,,,,,,,20260206,,,,
УД,196616644,EMTS4989,"г. Санкт-Петербург, пр. Ветеранов, д.76",Кировский,209141374,Toshiba внутр.RAS-13SKHP-ES2/внеш.RAS-13S2AH-ES2,Активирован,1,,,,,,,,,,,,,,,,,20260206,,,,
УД,196616829,EMTS1651,"г. Санкт-Петербург, ул. Галерная, д.27",Адмиралтейский,213399467,Mitsubishi Electric внутр.SRK28HG-S/внеш.SRС28HG-S,Активирован,1,,,,,,,,,,,,,,,,,20260320,,,,
УД,196616861,EMTS1652,"г. Санкт-Петербург, ул. Генерала Хрулева, д.15",Приморский,213614818,Daikin внутр.FTXS35K3V1B/внеш.RXS35L3V1B,Активирован,1,213614819,Daikin внутр.FTXS35K3V1B/внеш.RXS35L3V1B,Активирован,1,,,,,,,,,,,,,20260217,,,,
УД,196616931,EMTS896,"г. Санкт-Петербург, пр. Гражданский, д.83, корп.1",Калининский,208385913,Panasonic внутр.CS-C9GKD/внеш.CU-C9GKD,Активирован,1,223048499,Mitsubishi Electric внутр.MS-GF25VA/внеш.MU-GF25VA,Активирован,1,,,,,,,,,,,,,20260121,,,,
УД,196616937,EMTS1766,"г. Санкт-Петербург, пр. Гражданский, д.90, корп.8",Калининский,209020094,Daikin внутр.FT25DVM/внеш.R25DV1,Активирован,1,209020096,Daikin внутр.FT25DVM/внеш.R25DV1,Активирован,1,,,,,,,,,,,,,20260121,,,,
УД,196616963,EMTS866,"г. Санкт-Петербург, наб. Канала Грибоедова, д.168",Адмиралтейский,208385867,Daikin внутр.FT25DVM/внеш.R25DV1,Активирован,1,,,,,,,,,,,,,,,,,20260112,,,,
УД,196617016,EMTS897,"г. Санкт-Петербург, пр. Дальневосточный, д.70",Невский,208385917,Daikin внутр.FT25DVM/внеш.R25DV1,Активирован,1,,,,,,,,,,,,,,,,,20260122,,,,
УД,196617069,EMTS1763,"г. Санкт-Петербург, ул. Демьяна Бедного, д.26Г, корп.1",Калининский,209188947,Daikin внутр.FT25DVM/внеш.R25DV1,Активирован,1,209188948,Daikin внутр.FT25DVM/внеш.R25DV1,Активирован,1,,,,,,,,,,,,,20260212,,,,
УД,196617120,EMTS978,"г. Санкт-Петербург, ул. Димитрова, д.12, корп.1",Фрунзенский,208386285,Panasonic внутр.CS-C9GKD/внеш.CU-C9GKD,Активирован,1,208386287,Panasonic внутр.CS-C9GKD/внеш.CU-C9GKD,Активирован,1,,,,,,,,,,,,,20260130,,,,
УД,196617155,EMTS1605,"г. Санкт-Петербург, пр. Добролюбова, д.15",Петроградский,208386081,Daikin внутр.FT25CV1A8/внеш.R25CV1A,Активирован,1,241261861,Daikin внутр.FT25CV1A8/внеш.R25CV1A,Активирован,1,,,,,,,,,,,,,20260313,,,,
УД,196617227,EMTS981,"г. Санкт-Петербург, ул. Дыбенко, д.21, корп.2",Невский,218308738,Royal Clima внутр.RCI-A21HN/внеш.RCI-A21HN,Активирован,1,,,,,,,,,,,,,,,,,20260116,,,,
УД,196617236,EMTS1655,"г. Санкт-Петербург, ул. Дыбенко, д.40, корп.2",Невский,208386221,Daikin внутр.FT25CV1A8/внеш.R25CV1A,Активирован,1,208386223,Daikin внутр.FT25CV1A8/внеш.R25CV1A,Активирован,1,,,,,,,,,,,,,20260116,,,,
УД,196617275,EMTS900,"г. Санкт-Петербург, пр. Елизарова, д. 32А, корп. 2",Невский,239203559,Kentatsu внутр.KSGA35HZRN1/внеш.KSRA35HZRN1/-40,Активирован,1,239203560,Kentatsu внутр.KSGA35HZRN1/внеш.KSRA35HZRN1/-40,Активирован,1,,,,,,,,,,,,,20260303,,,,
УД,196617284,EMTS1656,"г. Санкт-Петербург, ул. Есенина, д.2",Выборгский,209145643,Daikin внутр.FT25CV1A8/внеш.R25CV1A,Активирован,1,208386225,Daikin внутр.FTY25GXV1/внеш.RY25GXV1,Активирован,1,,,,,,,,,,,,,20260213,,,,
УД,196617294,EMTS1658,"г. Санкт-Петербург, ул. Есенина, д.27",Выборгский,208386229,Daikin внутр.FTY25GXV1/внеш.RY25GXV1,Активирован,1,209142424,Mitsubishi Electric внутр.SRK28HG-S/внеш.SRС28HG-S,Активирован,1,,,,,,,,,,,,,20260121,,,,
УД,196617406,EMTS4434,"г. Санкт-Петербург, пр. Заневский, д.28А, корп.2",Красногвардейский,208774671,Daikin внутр.FT25DVM/внеш.R25DV1,Активирован,1,240953250,Mitsubishi Electric внутр.MS-GF25VA/внеш.MU-GF25VA,Активирован,1,,,,,,,,,,,,,20260119,,,,
УД,196617425,EMTS983,"г. Санкт-Петербург, ул. Звездная, д.12",Московский,208648763,Daikin внутр.FTXS25K2V1B/внеш.RXS25L2V1B,Активирован,1,209389531,Daikin внутр.FTXS25K2V1B/внеш.RXS25L2V1B,Активирован,1,,,,,,,,,,,,,20260325,,,,
УД,196617510,EMTS401,"г.Санкт-Петербург, ул. Зодчего Росси, 1",Центральный,241284140,Kentatsu внутр.KSCB105HZAN1/внеш.KSUNB105HZAN3,Активирован,3,241284139,Kentatsu внутр.KSCB105HZAN1/внеш.KSUNB105HZAN3,Активирован,3,,,,,,,,,,,,,20260327,,,,
УД,196617513,EMTS403,"г. Санкт-Петербург, ул. Зодчего Росси, д.2",Центральный,208386291,Daikin внутр.FT25CV1A8/внеш.R25DV1,Активирован,1,242862007,Daichi внутр.SIB35AVQS1R/внеш.SIB35FVS1R,Активирован,1,,,,,,,,,,,,,20260114,,,,
УД,196617527,EMTS984,"г. Санкт-Петербург, ул. Ивановская, д.10",Невский,208386295,Daikin внутр.FT25DVM/внеш.R25DV1,Активирован,1,,,,,,,,,,,,,,,,,20260122,,,,
УА,196617545,EMTS817,"г. Санкт-Петербург, пр. Измайловский, д.10",Адмиралтейский,218310535,Mitsubishi Heavy внутр.SRK80SPZR-S/внеш.SRC80SPZR-S,Активирован,3,,,,,,,,,,,,,,,,,20260112,,,,
УД,196617548,EMTS399,"г. Санкт-Петербург, пр. Измайловский, д.18",Адмиралтейский,208385919,Panasonic внутр.CS-C9GKD/внеш.CU-C9GKD,Активирован,1,222361876,Mitsubishi Electric внутр.MS-GF25VA/внеш.MU-GF25VA,Активирован,1,,,,,,,,,,,,,20260112,,,,
УД,196617562,EMTS901,"г. Санкт-Петербург, пр. Индустриальный, д.15",Красногвардейский,208385923,Panasonic внутр.CS-C9GKD/внеш.CU-C9GKD,Активирован,1,208385925,Panasonic внутр.CS-C9GKD/внеш.CU-C9GKD,Активирован,1,,,,,,,,,,,,,20260119,,,,
УД,196617594,EMTS1771,"г. Санкт-Петербург, пр. Ириновский, д.46А",Красногвардейский,209540521,Daikin внутр.FT25DVM/внеш.R25DV1,Активирован,1,213161557,Mitsubishi Electric внутр.SRK28HG-S/внеш.SRС28HG-S,Активирован,1,,,,,,,,,,,,,20260119,,,,
УД,196617602,EMTS903,"г.Санкт-Петербург, пр. Искровский, 10",Невский,241602118,Kentatsu внутр.KSGPA26HZRN1 / внеш.KSRPA26HZRN1,Активирован,1,241602115,Kentatsu внутр.KSGPA26HZRN1 / внеш.KSRPA26HZRN1,Активирован,1,,,,,,,,,,,,,20260203,,,,
УД,196617660,EMTS1664,"г. Санкт-Петербург, ул. Казначейская, д.11",Адмиралтейский,208386235,Daikin внутр.FT25CV1A8/внеш.R25CV1A,Активирован,1,208386237,Daikin внутр.FT25CV1A8/внеш.R25CV1A,Активирован,1,,,,,,,,,,,,,20260316,,,,
УД,196617682,EMTS905,"г. Санкт-Петербург, пр. Каменноостровский, д.34",Петроградский,216133062,Mitsubishi Electric внутр.MS-GF25VA/внеш.MU-GF25VA,Активирован,1,216133063,Mitsubishi Electric внутр.MS-GF25VA/внеш.MU-GF25VA,Активирован,1,,,,,,,,,,,,,20260113,,,,
УД,196617750,EMTS986,"г. Санкт-Петербург, ул. Камышовая, д.50, корп.1",Приморский,223839710,Mitsubishi Electric внутр.MS-GF25VA/внеш.MU-GF25VA,Активирован,1,,,,,,,,,,,,,,,,,20260210,,,,
УД,196617803,EMTS1665,"г. Санкт-Петербург, ул. Карташихина, д.23",Василеостровский,208386239,Daikin внутр.FT50F1A8/внеш.R50CV1А,Активирован,1,,,,,,,,,,,,,,,,,20260211,,,,
УД,196617820,EMTS1666,"г. Санкт-Петербург, ул. Киевская, д.20",Московский,208386243,Daikin внутр.FT25DVM/внеш.R25DV1,Активирован,1,222575830,Mitsubishi Electric внутр.MS-GF25VA/внеш.MU-GF25VA,Активирован,1,,,,,,,,,,,,,20260130,,,,
УД,196617925,EMTS910,"г. Санкт-Петербург, пр. Комендантский, д.34, корп.1",Приморский,208385935,Daikin внутр.FT25DVM/внеш.R25DV1,Активирован,1,,,,,,,,,,,,,,,,,20260217,,,,
УД,196617947,EMTS989,"г. Санкт-Петербург, ул. Коммуны, д.36",Красногвардейский,223849732,Mitsubishi Electric внутр.MS-GF25VA/внеш.MU-GF25VA,Активирован,1,,,,,,,,,,,,,,,,,20260119,,,,
УД,196617995,EMTS1638,"г. Санкт-Петербург, ул. 2-я Комсомольская, д.4, корп.1",Красносельский,208386175,Daikin внутр.FT25CV1A8/внеш.R25CV1A,Активирован,1,208386177,Daikin внутр.FT25CV1A8/внеш.R25CV1A,Активирован,1,,,,,,,,,,,,,20260319,,,,
УД,196618078,EMTS1667,"г. Санкт-Петербург, ул. Кораблестроителей, д.40, корп.6",Василеостровский,209540638,Daikin внутр.FT25DVM/внеш.R25DV1,Активирован,1,222361803,Mitsubishi Electric внутр.MS-GF25VA/внеш.MU-GF25VA,Активирован,1,,,,,,,,,,,,,20260211,,,,
УД,196618095,EMTS1606,"г. Санкт-Петербург, пр. Королева, д.36, корп.8",Приморский,208386087,Daikin внутр.FT25DVM/внеш.R25DV1,Активирован,1,223530618,Mitsubishi Electric внутр.MS-GF25VA/внеш.MU-GF25VA,Активирован,1,,,,,,,,,,,,,20260210,,,,
УД,196618118,EMTS991,"г. Санкт-Петербург, ул. Косинова, д.17",Кировский,208386299,Daikin внутр.FT25CV1A8/внеш.R25CV1A,Активирован,1,240712475,Kentatsu внутр.KSGPA26HZRN1 / внеш.KSRPA26HZRN1,Активирован,1,,,,,,,,,,,,,20260206,,,,
УД,196618129,EMTS1607,"г. Санкт-Петербург, пр. Космонавтов, д.21, корп.3",Московский,208386089,Daikin внутр.FT25CV1A8/внеш.R25CV1A,Активирован,1,208386091,Daikin внутр.FT25CV1A8/внеш.R25CV1A,Активирован,1,,,,,,,,,,,,,20260130,,,,
УД,196618222,EMTS3706,"г. Санкт-Петербург, пр. Пархоменко, д.14А",Выборгский,209716081,Daikin внутр.FTXS20K2V1B/внеш.RXS20J2V1B,Активирован,1,209716106,Daikin внутр.FTXS20K2V1B/внеш.RXS20K3V1B,Активирован,1,,,,,,,,,,,,,20260202,,,,
УД,196618224,EMTS1639,"г. Санкт-Петербург, ул. 3-я Красноармейская, д.6А",Адмиралтейский,208386179,Daikin внутр.FT25CV1A8/внеш.R25CV1A,Активирован,1,208386181,Daikin внутр.FT25CV1A8/внеш.R25CV1A,Активирован,1,,,,,,,,,,,,,20260218,,,,
УД,196618226,EMTS956,"г. Санкт-Петербург, ул. 4-я Красноармейская, д.13",Адмиралтейский,208386251,Panasonic внутр.CS-C9GKD/внеш.CU-C9GKD,Активирован,1,208386253,Panasonic внутр.CS-C9GKD/внеш.CU-C9GKD,Активирован,1,,,,,,,,,,,,,20260112,,,,
УД,196618298,EMTS1672,"г. Санкт-Петербург, ул. Кронштадтская, д.22",Кировский,208386583,Daikin внутр.FT25DVM/внеш.R25DV1,Активирован,1,,,,,,,,,,,,,,,,,20260305,,,,
УД,196618303,EMTS1673,"г. Санкт-Петербург, ул. Крупской, д.30",Невский,208386585,Daikin внутр.FT25CV1A8/внеш.R25CV1A,Активирован,1,208386587,Daikin внутр.FT25CV1A8/внеш.R25CV1A,Активирован,1,,,,,,,,,,,,,20260203,,,,
УД,196618347,EMTS994,"г. Санкт-Петербург, ул. Кузнецовская, д.9",Московский,208386787,Mitsubishi Electric внутр.SRK28HG-S/внеш.SRС28HG-S,Активирован,1,208386789,Mitsubishi Electric внутр.SRK28HG-S/внеш.SRС28HG-S,Активирован,1,,,,,,,,,,,,,20260317,,,,
УД,196618350,EMTS1674,"г. Санкт-Петербург, ул. Куйбышева, д.14",Петроградский,208386591,Fujitsu General внутр.ASH12USBCW/внеш.AOH12UGBC,Активирован,2,,,,,,,,,,,,,,,,,20260115,,,,
УД,196618354,EMTS1675,"г. Санкт-Петербург, ул. Куйбышева, д.31",Петроградский,208386593,Fujitsu General внутр.ASH7USBCW/внеш.AOH7USNC,Активирован,1,208386595,Fujitsu General внутр.ASH7USBCW/внеш.AOH7USNC,Активирован,1,,,,,,,,,,,,,20260115,,,,
УД,196618372,EMTS1609,"г. Санкт-Петербург, пр. Культуры, д.12, корп.3",Выборгский,208386097,Daikin внутр.FTY25GXV1/внеш.RY25GXV1,Активирован,1,208386099,Daikin внутр.FTY25GXV1/внеш.RY25GXV1,Активирован,1,,,,,,,,,,,,,20260226,,,,
УД,196618393,EMTS1676,"г. Санкт-Петербург, ул. Купчинская, д.10, корп.1",Фрунзенский,208386597,Daikin внутр.FT25CV1A8/внеш.R25CV1A,Активирован,1,208386599,Daikin внутр.FT25CV1A8/внеш.R25CV1A,Активирован,1,,,,,,,,,,,,,20260302,,,,
УД,196618428,EMTS5407,"г. Санкт-Петербург, пер. Кустарный, д.6",Адмиралтейский,209748528,Daikin внутр.FT25DVM/внеш.R25DV1,Активирован,1,209748533,Daikin внутр.FT25DVM/внеш.R25DV1,Активирован,1,,,,,,,,,,,,,20260112,,,,
УД,196618432,EMTS995,"г. Санкт-Петербург, ул. Кустодиева, д.6, корп.1",Выборгский,208386305,Daikin внутр.FT25DVM/внеш.R25DV1,Активирован,1,,,,,,,,,,,,,,,,,20260202,,,,
УД,196618473,EMTS1610,"г. Санкт-Петербург, пр. Левашовский, д.20",Петроградский,208659272,Daikin внутр.FTXS20K2V1B/внеш.RXS20L2V1B,Активирован,1,208659273,Daikin внутр.FTXS20K2V1B/внеш.RXS20L2V1B,Активирован,1,,,,,,,,,,,,,20260320,,,,
УД,196618495,EMTS1677,"г. Санкт-Петербург, ул. Лени Голикова, д.31, корп.2",Кировский,208386601,Daikin внутр.FT25DVM/внеш.R25DV1,Активирован,1,,,,,,,,,,,,,,,,,20260305,,,,
УД,196618497,EMTS997,"г. Санкт-Петербург, ул. Лени Голикова, д.31",Кировский,222581610,Mitsubishi Electric внутр.MS-GF25VA/внеш.MU-GF25VA,Активирован,1,208385905,Panasonic внутр.CS-C9GKD/внеш.CU-C9GKD,Активирован,1,,,,,,,,,,,,,20260313,,,,
УД,196618548,EMTS912,"г. Санкт-Петербург, пр. Ленинский, д.123, корп.2",Кировский,208386817,Mitsubishi Electric внутр.SRK28HG-S/внеш.SRС28HG-S,Активирован,1,,,,,,,,,,,,,,,,,20260313,,,,
УД,196618551,EMTS1611,"г. Санкт-Петербург, пр. Ленинский, д.123, корп.3",Кировский,208386101,Daikin внутр.FT25CV1A8/внеш.R25CV1A,Активирован,1,,,,,,,,,,,,,,,,,20260305,,,,
УД,196618587,EMTS914,"г. Санкт-Петербург, пр. Ленинский, д.168, корп.2",Московский,208385937,Daikin внутр.FT25DVM/внеш.R25DV1,Активирован,1,,,,,,,,,,,,,,,,,20260129,,,,
УД,196618600,EMTS1612,"г. Санкт-Петербург, пр. Ленинский, д.98, корп.1",Красносельский,240414254,Kentatsu внутр.KSGPA26HZRN1 / внеш.KSRPA26HZRN1,Активирован,1,209385857,Mitsubishi Electric внутр.SRK28HG-S/внеш.SRС28HG-S,Активирован,1,,,,,,,,,,,,,20260319,,,,
УД,196618666,EMTS915,"г. Санкт-Петербург, пр. Лесной, д.37К",Выборгский,209139694,Mitsubishi Electric внутр.SRK28HG-S/внеш.SRС28HG-S,Активирован,1,208386821,Mitsubishi Electric внутр.SRK28HG-S/внеш.SRС28HG-S,Активирован,1,,,,,,,,,,,,,20260202,,,,
УД,196618669,EMTS1679,"г. Санкт-Петербург, ул. Летчика Пилютова, д.1",Красносельский,208386607,Daikin внутр.FT25CV1A8/внеш.R25CV1A,Активирован,1,208386609,Daikin внутр.FT25CV1A8/внеш.R25CV1A,Активирован,1,,,,,,,,,,,,,20260326,,,,
УД,196618679,EMTS4781,"г. Санкт-Петербург, ул. Летчика Пилютова, д.41",Красносельский,241430113,Kentatsu внутр.KSGA53HZRN1/внеш.KSRA53HZRN1,Активирован,2,,,,,,,,,,,,,,,,,20260220,,,,
УД,196618714,EMTS916,"г. Санкт-Петербург, пр. Лиговский, д.99",Центральный,209184681,General внутр.ASH9USCCW/внеш.AOH9UFCC,Активирован,1,209183703,Daikin внутр.FT25DVM/внеш.R25DV1,Активирован,1,,,,,,,,,,,,,20260114,,,,
УД,196618733,EMTS917,"г. Санкт-Петербург, пр. Литейный, д.17-19А",Центральный,240952657,Kentatsu внутр.KSGA53HZRN1/внеш.KSRA53HZRN1,Активирован,2,209247515,Daikin внутр.FT50CV1A8/внеш.R50CV1A,Активирован,2,,,,,,,,,,,,,20260114,,,,
УД,196618782,EMTS1764,"г. Санкт-Петербург, ул. Лужская, д.9А",Калининский,209020065,Daikin внутр.FT35DVM/внеш.R35DV1,Активирован,2,209020066,Daikin внутр.FT35DVM/внеш.R35DV1,Активирован,2,,,,,,,,,,,,,20260212,,,,
УД,196618851,EMTS919,"г. Санкт-Петербург, пр. Малый П.с., д.15",Петроградский,208386573,Mitsubishi Electric внутр.SRK28HG-S/внеш.SRС28HG-S,Активирован,1,,,,,,,,,,,,,,,,,20260113,,,,
УД,196618854,EMTS1620,"г. Санкт-Петербург, пр. Малый П.с., д.34А",Петроградский,208386125,Daikin внутр.FT25CV1A8/внеш.R25CV1A,Активирован,1,208386127,Daikin внутр.FT25CV1A8/внеш.R25CV1A,Активирован,1,,,,,,,,,,,,,20260313,,,,
УД,196618920,EMTS1621,"г. Санкт-Петербург, пр. Маршала Жукова, д.30, корп.3",Кировский,213180118,Mitsubishi Electric внутр.SRK28HG-S/внеш.SRС28HG-S,Активирован,1,,,,,,,,,,,,,,,,,20260313,,,,
УД,196618933,EMTS1622,"г. Санкт-Петербург, пр. Маршала Жукова, д.70, корп.1",Кировский,209001055,Mitsubishi Electric внутр.SRK28HG-S/внеш.SRС28HG-S,Активирован,1,,,,,,,,,,,,,,,,,20260305,,,,
УД,196618976,EMTS1685,"г. Санкт-Петербург, ул. Маршала Новикова, д.4А, корп.3",Приморский,239905260,Kentatsu внутр.KSGI26HFAN1/внеш.KSRI26HFAN1/-40,Активирован,1,244337494,Kentatsu внутр.KSGA26HFAN1/внеш.KSRA26HFAN1,Активирован,1,,,,,,,,,,,,,20260310,,,,
УД,196619008,EMTS1005,"г. Санкт-Петербург, ул. Маяковского, д.27",Центральный,208386321,Daikin внутр.FT25CV1A8/внеш.R25DBV11B,Активирован,1,244559945,Kentatsu внутр.KSGA26HFAN1/внеш.KSRA26HFAN1,Активирован,1,,,,,,,,,,,,,20260128,,,,
УД,196619036,EMTS1773,"г. Санкт-Петербург, пр. Металлистов, д.13",Красногвардейский,215034984,Mitsubishi Electric внутр.SRK28HG-S/внеш.SRС28HG-S,Активирован,1,215034985,Mitsubishi Electric внутр.SRK28HG-S/внеш.SRС28HG-S,Активирован,1,,,,,,,,,,,,,20260123,,,,
УД,196619051,EMTS400,"г. Санкт-Петербург, пр. Металлистов, д.56",Красногвардейский,208385947,Daikin внутр.FT25DVM/внеш.R25DV1,Активирован,1,,,,,,,,,,,,,,,,,20260219,,,,
УД,196619054,EMTS923,"г. Санкт-Петербург, пр. Металлистов, д.72, корп.2",Красногвардейский,208386571,Mitsubishi Electric внутр.SRK28HG-S/внеш.SRС28HG-S,Активирован,1,,,,,,,,,,,,,,,,,20260123,,,,
УА,196619129,EMTS823,"г. Санкт-Петербург, ул. Большая Монетная, д.17-19К",Петроградский,209013064,Mitsubishi Heavy Industries внутр.FDEN508C/внеш.FDC506CES3,Активирован,4,240453699,Kentatsu KSUNB140HZAN3/KSCB140HZAN1,Активирован,4,,,,,,,,,,,,,20260113,,,,
УД,196619141,EMTS1643,"г. Санкт-Петербург, ул. Большая Монетная, д.20",Петроградский,209156667,Daikin внутр.FTXS50K2V1B/внеш.RXS50L2V1B,Активирован,2,209156679,Daikin внутр.FTXS50K2V1B/внеш.RXS50L2V1B,Активирован,2,,,,,,,,,,,,,20260313,,,,
УД,196619152,EMTS3703,"г. Санкт-Петербург, ул. Мончегорская, д.4Б",Петроградский,209025294,Daikin внутр.FT25DVM/внеш.R25DV1,Активирован,1,223051209,Mitsubishi Electric внутр.MS-GF25VA/внеш.MU-GF25VA,Активирован,1,,,,,,,,,,,,,20260313,,,,
УД,196619153,EMTS1688,"г. Санкт-Петербург, ул. Мончегорская, д.6",Петроградский,208659154,Daikin внутр.FTXS20K2V1B/внеш.RXS20L2V1B,Активирован,1,208659156,Daikin внутр.FTXS20K2V1B/внеш.RXS20L2V1B,Активирован,1,,,,,,,,,,,,,20260313,,,,
УД,196619159,EMTS1588,"г. Санкт-Петербург, наб. Морская, д.15Г",Василеостровский,208386043,Daikin внутр.FT50CV1A8/внеш.R50CV1A,Активирован,2,208386045,Daikin внутр.FHQ35BYV1B/внеш.RXS35G2V1B,Активирован,2,,,,,,,,,,,,,20260211,,,,
УД,196619162,EMTS867,"г. Санкт-Петербург, наб. Морская, д.17, корп.1",Василеостровский,208385869,Panasonic внутр.CS-C9GKD/внеш.CU-C9GKD,Активирован,1,242862047,Daichi внутр.SIB35AVQS1R/внеш.SIB35FVS1R,Активирован,1,,,,,,,,,,,,,20260211,,,,
УД,196619177,EMTS1682,"г. Санкт-Петербург, ул. Малая Морская, д.10",Центральный,208386615,Daikin внутр.FT25CV1A8/внеш.R25CV1A,Активирован,1,208386617,Daikin внутр.FT25CV1A8/внеш.R25CV1A,Активирован,1,,,,,,,,,,,,,20260127,,,,
УА,196619215,EMTS393,"г. Санкт-Петербург, пр. Московский, д.129",Московский,208386417,Mitsubishi Electric внутр.MS-GA50VB/внеш.MU-GA50VB,Активирован,3,213458578,Mitsubishi Heavy Industriel внутр.SRK71HE-S1/внеш.SRС71HE-S1,Активирован,2,,,,,,,,,,,,,20260129,,,,
УД,196619226,EMTS926,"г. Санкт-Петербург, пр. Московский, д.150",Московский,208385949,Panasonic внутр.CS-C9GKD/внеш.CU-C9GKD,Активирован,1,208385951,Panasonic внутр.CS-C9GKD/внеш.CU-C9GKD,Активирован,1,,,,,,,,,,,,,20260129,,,,
УД,196619265,EMTS927,"г. Санкт-Петербург, пр. Московский, д.86",Московский,209231413,Daikin внутр.FT25DVM/внеш.R25DV1,Активирован,1,209231441,Daikin внутр.FT25JV1B/внеш.R25DBV11B,Активирован,1,,,,,,,,,,,,,20260129,,,,
УД,196619271,EMTS1625,"г. Санкт-Петербург, пр. Московский, д.95",Московский,244853446,Axioma внутр.ASX12HZ1R/внеш.ASB12HZ1R,Активирован,1,,,,,,,,,,,,,,,,,20260129,,,,
УД,196619308,EMTS880,"г. Санкт-Петербург, пр. 2-й Муринский, д.35",Выборгский,208386313,Daikin внутр.FT25DVM/внеш.R25DV1,Активирован,1,,,,,,,,,,,,,,,,,20260226,,,,
УД,196619323,EMTS1689,"г. Санкт-Петербург, ул. Мытнинская, д.3",Центральный,224459218,Royal Clima внутр.RC-VR29HN/внеш. RC-VR29HN,Активирован,1,208386639,Daikin внутр.FT25CV1A8/внеш.R25CV1A,Активирован,1,,,,,,,,,,,,,20260128,,,,
УД,196619398,EMTS1007,"г. Санкт-Петербург, ул. Народная, д.17, корп.2",Невский,208386325,Daikin внутр.FT25DVM/внеш.R25DV1,Активирован,1,,,,,,,,,,,,,,,,,20260122,,,,
УА,196619559,EMTS818,"г. Санкт-Петербург, пр. Невский, д.176",Центральный,222462823,Mitsubishi Heavy внутр.SRK80ZSPR-S/внеш.SRC80ZSPR-S,Активирован,3,222462746,Mitsubishi Heavy внутр.SRK80ZSPR-S/внеш.SRC80ZSPR-S,Активирован,4,212887533,Mitsubishi Heavy внутр.SRK80SPZR-S/внеш.SRC80SPZR-S,Активирован,3,222462804,Mitsubishi Heavy внутр.SRK80ZSPR-S/внеш.SRC80ZSPR-S,Активирован,4,,,,,20260127,,,,
УД,196619569,EMTS931,"г. Санкт-Петербург, пр. Невский, д.20",Центральный,213070740,Mitsubishi Electric внутр.SRK28HG-S/внеш.SRС28HG-S,Активирован,1,222364147,Mitsubishi Electric внутр.MS-GF25VA/внеш.MU-GF25VA,Активирован,1,,,,,,,,,,,,,20260114,,,,
УД,196619716,EMTS1692,"г. Санкт-Петербург, ул. Новоселов, д.4",Невский,208386641,Daikin внутр.FT25CV1A8/внеш.R25CV1A,Активирован,1,222459295,Mitsubishi Electric внутр.MS-GF25VA/внеш.MU-GF25VA,Активирован,1,,,,,,,,,,,,,20260303,,,,
УД,196619747,EMTS1010,"г. Санкт-Петербург, ул. Новостроек, д.24",Кировский,208386781,Mitsubishi Electric внутр.SRK28HG-S/внеш.SRС28HG-S,Активирован,1,,,,,,,,,,,,,,,,,20260313,,,,
УД,196619793,EMTS1589,"г. Санкт-Петербург, наб. Обводного Канала, д.117",Адмиралтейский,208386047,Daikin внутр.FT35CV1A8/ внеш.R35CV1A,Активирован,1,,,,,,,,,,,,,,,,,20260320,,,,
УД,196619819,EMTS1590,"г. Санкт-Петербург, наб. Обводного Канала, д.205",Адмиралтейский,208386049,Daikin внутр.FT35CV1A8/ внеш.R35CV1A,Активирован,1,,,,,,,,,,,,,,,,,20260320,,,,
УД,196619846,EMTS1626,"г. Санкт-Петербург, пр. Обуховской Обороны, д.137",Невский,208386137,Daikin внутр.FT25DVM/внеш.R25DV1,Активирован,1,215520524,Mitsubishi Electric внутр.MS-GF25VA/внеш.MU-GF25VA,Активирован,1,,,,,,,,,,,,,20260122,,,,
УА,196619857,EMTS906,"г. Санкт-Петербург, пр. Обуховской Обороны, д.163",Невский,239821695,Daichi внутр.DAT90BLQS1/внеш.DFT90ALS1,Активирован,3,239821696,Daichi внутр.DAT90BLQS1/внеш.DFT90ALS1,Активирован,3,,,,,,,,,,,,,20260324,,,,
УД,196619868,EMTS1628,"г. Санкт-Петербург, пр. Обуховской Обороны, д.48",Невский,208386143,Daikin внутр.FT25CV1A8/внеш.R25CV1A,Активирован,1,208386145,Daikin внутр.FT25CV1A8/внеш.R25DV1,Активирован,1,,,,,,,,,,,,,20260324,,,,
УД,196619873,EMTS1629,"г. Санкт-Петербург, пр. Обуховской Обороны, д.78",Невский,208386149,Daikin внутр.FT25CV1A8/внеш.R25CV1A,Активирован,1,215538077,Mitsubishi Electric внутр.MS-GF25VA/внеш.MU-GF25VA,Активирован,1,,,,,,,,,,,,,20260122,,,,
УД,196619885,EMTS1600,"г. Санкт-Петербург, пер. Огородный, д.10",Кировский,223038488,Mitsubishi Electric внутр.MS-GF25VA/внеш.MU-GF25VA,Активирован,1,,,,,,,,,,,,,,,,,20260313,,,,
УД,196619929,EMTS4816,"г. Санкт-Петербург, ул. Олеко Дундича, д. 26, корп. 1",Фрунзенский,223573655,Royal Clima внутр.RC-VR29HN/внеш. RC-VR29HN,Активирован,1,245578836,Kentatsu внутр.KSGI26HFRN1/внеш.KSRI26HFRN1,Активирован,1,223573657,Royal Clima внутр.RC-VR29HN/внеш. RC-VR29HN,На складе,1,,,,,,,,,20260120,,,,
УД,196619986,EMTS1153,"г. Санкт-Петербург, ул. Омская, д.6А, корп.2",Приморский,240858809,Kentatsu внутр.KSGA53HZRN1/внеш.KSRA53HZRN1,Активирован,2,241148971,Kentatsu внутр.KSGA53HZRN1/внеш.KSRA53HZRN1,Активирован,2,,,,,,,,,,,,,20260310,,,,
УД,196620039,EMTS4845,"г. Санкт-Петербург, ул. Отважных, д. 12",Красносельский,245139450,Kentatsu внутр.KSGY53HZRN1/внеш.KSRY53HZRN1,Активирован,1,,,,,,,,,,,,,,,,,20260319,,,,
УД,196620063,EMTS1695,"г. Санкт-Петербург, ул. Партизана Германа, д.14",Красносельский,208386649,Daikin внутр.FT25CV1A8/внеш.R25CV1A,Активирован,1,208386651,Daikin внутр.FT25CV1A8/внеш.R25CV1A,Активирован,1,,,,,,,,,,,,,20260206,,,,
УА,196620069,EMTS395,"г. Санкт-Петербург, ул. Партизана Германа, д.3",Красносельский,210244253,Mitsubishi Electric внутр.PKA-RP100KAL/внеш.PU-P100YHA,Активирован,4,223086696,Mitsubishi Heavy внутр.SRK80ZSPR-S/внеш.SRC80ZSPR-S,Активирован,4,,,,,,,,,,,,,20260206,,,,
УД,196620098,EMTS1772,"г. Санкт-Петербург, ул. Передовиков, д.3А",Красногвардейский,209020100,Daikin внутр.FT35DVM/внеш.R35DV1,Активирован,2,209020102,Daikin внутр.FT35DVM/внеш.R35DV1,Активирован,2,,,,,,,,,,,,,20260123,,,,
УД,196620105,EMTS1593,"г. Санкт-Петербург, наб. Песочная, д.22",Петроградский,208386055,Daikin внутр.FT25CV1A8/внеш.R25CV1A,Активирован,1,208386057,Daikin внутр.FT25CV1A8/внеш.R25CV1A,Активирован,1,,,,,,,,,,,,,20260113,,,,
УД,196620156,EMTS1696,"г. Санкт-Петербург, ул. Петрозаводская, д.1, корп.24",Петроградский,208659200,Daikin внутр.FTXS20K2V1B/внеш.RXS20L2V1B,Активирован,1,208659202,Daikin внутр.FTXS20K2V1B/внеш.RXS20L2V1B,Активирован,1,,,,,,,,,,,,,20260115,,,,
УД,196620283,EMTS877,"г. Санкт-Петербург, пер. Подъездной, д.21А",Адмиралтейский,208385883,Daikin внутр.FT25DVM/внеш.R25DV1,Активирован,1,,,,,,,,,,,,,,,,,20260126,,,,
УД,196620373,EMTS1697,"г. Санкт-Петербург, ул. Пражская, д.35",Фрунзенский,208386347,Daikin внутр.FT25DVM/внеш.R25DV1,Активирован,1,208386657,Daikin внутр.FT25CV1A8/внеш.R25CV1A,Активирован,1,,,,,,,,,,,,,20260302,,,,
УА,196620386,EMTS825,"г. Санкт-Петербург, ул. Пражская, д.46",Фрунзенский,208386447,Mitsubishi Electric внутр.MS-GA50VB/внеш.MU-GA50VB,Активирован,3,208386449,Mitsubishi Electric внутр.MS-GD80VB/внеш.MU-GD80VB,Активирован,2,,,,,,,,,,,,,20260130,,,,
УД,196620439,EMTS937,"г. Санкт-Петербург, пр. Просвещения, д.36/141",Выборгский,218264919,Royal Clima внутр.RCI-A21HN/внеш.RCI-A21HN,Активирован,1,222483620,Mitsubishi Electric внутр.MS-GF25VA/внеш.MU-GF25VA,Активирован,1,,,,,,,,,,,,,20260121,,,,
УД,196620551,EMTS1594,"г. Санкт-Петербург, пер. 2-й Рабфаковский, д.4",Невский,208386059,Kentatsu KSGPA26HZRN1 /KSRPA26HZRN1,Активирован,1,241543343,Kentatsu внутр.KSGPA26HZRN1 / внеш.KSRPA26HZRN1,Активирован,1,,,,,,,,,,,,,20260203,,,,
УД,196620591,EMTS1701,"г. Санкт-Петербург, ул. Расстанная, д.25",Фрунзенский,208386659,Daikin внутр.FT25CV1A8/внеш.R25CV1A,Активирован,1,208386661,Daikin внутр.FT25CV1A8/внеш.R25CV1A,Активирован,1,,,,,,,,,,,,,20260216,,,,
УД,196620662,EMTS871,"г. Санкт-Петербург, наб. Реки Фонтанки, д.148",Адмиралтейский,208385873,Daikin внутр.FT25DVM/внеш.R25DV1,Активирован,1,,,,,,,,,,,,,,,,,20260126,,,,
УД,196620735,EMTS1630,"г. Санкт-Петербург, пр. Римского-Корсакова, д.9",Адмиралтейский,222743747,Mitsubishi Electric внутр.MS-GF25VA/внеш.MU-GF25VA,Активирован,1,208386153,Daikin внутр.FT25CV1A8/внеш.R25CV1A,Активирован,1,,,,,,,,,,,,,20260320,,,,
УД,196620792,EMTS1703,"г. Санкт-Петербург, ул. Рузовская, д.8",Адмиралтейский,208386663,Daikin внутр.FT25CV1A8/внеш.R25CV1A,Активирован,1,208386665,Daikin внутр.FT25CV1A8/внеш.R25CV1A,Активирован,1,,,,,,,,,,,,,20260112,,,,
УД,196620811,EMTS1631,"г. Санкт-Петербург, пр. Рыбацкий, д.2",Невский,208386155,Daikin внутр.FT25CV1A8/внеш.R25CV1A,Активирован,1,208386157,Daikin внутр.FT25CV1A8/внеш.R25CV1A,Активирован,1,,,,,,,,,,,,,20260203,,,,
УД,196620817,EMTS1704,"г. Санкт-Петербург, ул. Рыбинская, д.7Б",Московский,208386667,Daikin внутр.FT25DVM/внеш.R25DV1,Активирован,1,223672845,Mitsubishi Electric внутр.MS-GF25VA/внеш.MU-GF25VA,Активирован,1,,,,,,,,,,,,,20260317,,,,
УД,196620819,EMTS1705,"г. Санкт-Петербург, ул. Рылеева, д.2",Центральный,217961449,Royal Clima внутр.RCI-A21HN/внеш.RCI-A21HN,Активирован,1,,,,,,,,,,,,,,,,,20260114,,,,
УА,196620850,EMTS826,"г. Санкт-Петербург, ул. Савушкина, д.83",Приморский,209864289,Mitsubishi Electric внутр.SRK80ZM-S/внеш.SRC80ZM-S,Активирован,3,209864307,Mitsubishi Electric внутр.SRK80ZM-S/внеш.SRC80ZM-S,Активирован,3,,,,,,,,,,,,,20260217,,,,
УД,196620869,EMTS4034,"г. Санкт-Петербург, ул. Садовая, д.55-57",Адмиралтейский,209139549,Mitsubishi Electric внутр.MS-GE50VB/внеш.MU-GE50VB,Активирован,1,,,,,,,,,,,,,,,,,20260126,,,,
УД,196620876,EMTS1706,"г. Санкт-Петербург, ул. Садовая, д.58",Адмиралтейский,209157472,Daikin внутр.FT35CV1A8/внеш.R35DV1,Активирован,1,,,,,,,,,,,,,,,,,20260128,,,,
УД,196620881,EMTS404,"г. Санкт-Петербург, ул. Малая Садовая, д.1",Центральный,211693190,Daikin внутр.FT60FVM/внеш.R60CV1A,Активирован,3,208386315,Daikin внутр.FT25DVM/внеш.R25DV1,Активирован,1,,,,,,,,,,,,,20260127,,,,
УА,196620911,EMTS815,"г. Санкт-Петербург, пр. Большой Сампсониевский, д.86",Выборгский,209142413,Mitsubishi Electric внутр.MS-GF80VA/внеш.MU-GF80VA,Активирован,3,216133029,Mitsubishi Heavy внутр.SRK80SPZR-S/внеш.SRC80SPZR-S,Активирован,3,,,,,,,,,,,,,20260213,,,,
УД,196620949,EMTS1707,"г. Санкт-Петербург, ул. Севастопольская, д.50",Кировский,208386675,Daikin внутр.FT25DVM/внеш.R25DV1,Активирован,1,,,,,,,,,,,,,,,,,20260313,,,,
УД,196620958,EMTS1765,"г. Санкт-Петербург, пр. Северный, д.79",Калининский,211929065,Mitsubishi Electric внутр.SRK71HE-S1/внеш.SRC71HE-S1,Активирован,3,,,,,,,,,,,,,,,,,20260212,,,,
УД,196621057,EMTS1028,"г. Санкт-Петербург, ул. Симонова, д.3",Выборгский,223546177,Mitsubishi Heavy внутр.SRK80ZSPR-S/внеш.SRC80ZSPR-S,Активирован,3,,,,,,,,,,,,,,,,,20260213,,,,
УА,196621126,EMTS1416,"г. Санкт-Петербург, проезд Смольный, д.1 (п. 165) (лестница)",Центральный,209008136,Mitsubishi heavy industries внутр.FDEN140VF/внеш.FDC140VS,Активирован,4,209008100,Mitsubishi heavy industries внутр.FDEN140VF/внеш.FDC140VS,Активирован,4,240692758,Kentatsu  KSUNB140HZAN3/KSCB140HZAN1,Активирован,4,,,,,,,,,20260227,,,,
УА,196621128,EMTS822,"г. Санкт-Петербург, проезд Смольный, д.1 (п. 269) (свешивание)",Центральный,218713744,Mitsubishi Heavy внутр.SRK80SPZR-S/внеш.SRC80SPZR-S,Активирован,3,241027601,Kentatsu внутр.KSCB105HZAN1/внеш.KSUNB105HZAN3,Активирован,4,240683866,Daikin внутр.FHA100AVEB/внеш.RR100B8V3B,Активирован,4,,,,,,,,,20260227,,,,
УД,196621134,EMTS4818,"г. Санкт-Петербург, ул. Смолячкова, д.14, корп.3",Выборгский,208386335,Daikin внутр.FT25DVM/внеш.R25DV1,Активирован,1,,,,,,,,,,,,,,,,,20260202,,,,
УД,196621136,EMTS1708,"г. Санкт-Петербург, ул. Смолячкова, д.15",Выборгский,208386677,Daikin внутр.FT25CV1A8/внеш.R25CV1A,Активирован,1,208386679,Daikin внутр.FT25CV1A8/внеш.R25CV1A,Активирован,1,213122892,Daikin внутр.FTXS20K2V1B/внеш.RXS20L2V1B,Активирован,1,212724544,Daikin внутр.FTXS20K2V1B/внеш.RXS20L2V1B,Активирован,1,,,,,20260213,,,,
УД,196621152,EMTS955,"г. Санкт-Петербург, ул. 3-я Советская, д.8",Центральный,244560061,Kentatsu внутр.KSGA26HFAN1/внеш.KSRA26HFAN1,Активирован,1,208385981,Daikin внутр.FT25CV1A8/внеш.R25CV1A,Активирован,1,,,,,,,,,,,,,20260127,,,,
УД,196621188,EMTS1601,"г. Санкт-Петербург, пер. Советский, д.9",Адмиралтейский,208386069,Daikin внутр.FT60CV1A8/внеш.R60BV1,Активирован,2,208386071,Fujitsu GENERAL внутр.ASG18UBBN/внеш.AOG18UNBNL,Активирован,3,,,,,,,,,,,,,20260128,,,,
УД,196621196,EMTS939,"г. Санкт-Петербург, пр. Солидарности, д.1, корп.1",Невский,213119859,Mitsubishi Electric внутр.SRK28HG-S/внеш.SRС28HG-S,Активирован,1,213119860,Mitsubishi Electric внутр.SRK28HG-S/внеш.SRС28HG-S,Активирован,1,,,,,,,,,,,,,20260116,,,,
УА,196621281,EMTS3536,"г. Санкт-Петербург, пр. Среднеохтинский, д.50",Красногвардейский,223086885,Mitsubishi Heavy внутр.SRK80ZSPR-S/внеш.SRC80ZSPR-S,Активирован,3,244560011,Kentatsu внутр.KSGTI100HZAN1/внеш.KSRTI100HZAN1,Активирован,3,217976777,Mitsubishi Heavy внутр.SRK80SPZR-S/внеш.SRC80SPZR-S,На складе,3,,,,,,,,,20260324,,,,
УД,196621287,EMTS940,"г. Санкт-Петербург, пр. Среднеохтинский, д.8",Красногвардейский,209108688,Panasonic внутр.CS-C9GKD/внеш.CU-C9GKD,Активирован,1,208385967,Daikin внутр.FT25DVM/внеш.R25DV1,Активирован,1,,,,,,,,,,,,,20260119,,,,
УА,196621387,EMTS821,"г. Санкт-Петербург, пр. Стачек, д.18",Кировский,243154759,Kentatsu Otari внутр.KSGOT70HZRN1/внеш.KSROT70HZRN1,Активирован,2,209691783,Mitsubishi Electric внутр.MS-GF80VA/внеш.MU-GF80VA,Активирован,3,209691787,Mitsubishi Electric внутр.MS-GF80VA/внеш.MU-GF80VA,На складе,3,209535746,Mitsubishi Electric внутр.SRK28HG-S/внеш.SRС28HG-S,Активирован,1,213399443,Mitsubishi Electric внутр.SRK28HG-S/внеш.SRС28HG-S,Активирован,1,20260305,,,,
УД,196621435,EMTS1032,"г. Санкт-Петербург, ул. Стрельбищенская, д.26",Фрунзенский,208386337,Panasonic внутр.CS-C9GKD/внеш.CU-C9GKD,Активирован,1,222490526,Mitsubishi Electric внутр.MS-GF25VA/внеш.MU-GF25VA,Активирован,1,,,,,,,,,,,,,20260130,,,,
УД,196621437,EMTS1033,"г. Санкт-Петербург, ул. Стрельнинская, д.11",Петроградский,209183441,Daikin внутр.FT25JV1B/внеш.R25CV1A,Активирован,1,209183539,Daikin внутр.FT25JV1B/внеш.R25CV1A,Активирован,1,,,,,,,,,,,,,20260113,,,,
УА,196621458,EMTS1565,"г. Санкт-Петербург, пр. Суворовский, д.50",Центральный,224468886,Mitsubishi Electric внутр.PEA-RP200GAQ/внеш.PUHZ-RP200YKA,Активирован,2,224087406,Mitsubishi Electric внутр.MS-GF50VA/внеш.MU-GF50VА,Активирован,4,224466936,Mitsubishi Electric внутр.PEA-RP200GAQ/внеш.PUHZ-RP200YKA,Активирован,2,209691146,Daikin внутр.FTXS50K2V1B/внеш.RXS50L2V1B,Активирован,4,,,,,,,,,
УД,196621518,EMTS1709,"г. Санкт-Петербург, ул. Тамбасова, д.13",Красносельский,208386683,Daikin внутр.FT25CV1A8/внеш.R25CV1A,Активирован,1,222587806,Mitsubishi Electric внутр.MS-GF25VA/внеш.MU-GF25VA,Активирован,1,,,,,,,,,,,,,20260319,,,,
УД,196621538,EMTS1710,"г. Санкт-Петербург, ул. Тамбасова, д.4",Красносельский,208386685,Daikin внутр.FT25CV1A8/внеш.R25CV1A,Активирован,1,208386687,Daikin внутр.FT25CV1A8/внеш.R25CV1A,Активирован,1,,,,,,,,,,,,,20260319,,,,
УД,196621541,EMTS1711,"г. Санкт-Петербург, ул. Тамбасова, д.9",Красносельский,208386689,Daikin внутр.FT25CV1A8/внеш.R25CV1A,Активирован,1,208386691,Daikin внутр.FT25CV1A8/внеш.R25CV1A,Активирован,1,,,,,,,,,,,,,20260326,,,,
УД,196621672,EMTS1637,"г. Санкт-Петербург, пр. Тореза, д.65",Выборгский,210630895,Daikin внутр.FTXS35K3V1B/внеш.RXS35L3V1B,Активирован,2,210630891,Daikin внутр.FTXS35K3V1B/внеш.RXS35L3V1B,Активирован,2,,,,,,,,,,,,,20260226,,,,
УД,196621684,EMTS1038,"г. Санкт-Петербург, ул. Торжковская, д.11",Приморский,243888143,Kentatsu внутр.KSGA26HFAN1/внеш.KSRA26HFAN1,Активирован,1,,,,,,,,,,,,,,,,,20260217,,,,
УД,196621739,EMTS1039,"г. Санкт-Петербург, ул. Турку, д.11, корп.1",Фрунзенский,208386353,Panasonic внутр.CS-C9GKD/внеш.CU-C9GKD,Активирован,1,224170266,Mitsubishi Electric внутр.MS-GF25VA/внеш.MU-GF25VA,Активирован,1,,,,,,,,,,,,,20260120,,,,
УД,196621801,EMTS878,"г. Санкт-Петербург, пер. Учебный, д.2",Калининский,209054151,Mitsubishi Electric внутр.SRK28HG-S/внеш.SRС28HG-S,Активирован,1,240436322,Daichi внутр.DA25AVQS1-SL/внеш.DF25AVS1-L,Активирован,1,,,,,,,,,,,,,20260323,,,,
УД,196621863,EMTS1041,"г. Санкт-Петербург, ул. Фурштатская, д.36",Центральный,218098048,Royal Clima внутр.RCI-A21HN/внеш.RCI-A21HN,Активирован,1,,,,,,,,,,,,,,,,,20260127,,,,
УД,196621899,EMTS1715,"г. Санкт-Петербург, ул. Хошимина, д.8, корп.1",Выборгский,242861961,Daichi внутр.SIB35AVQS1R/внеш.SIB35FVS1R,Активирован,1,223043633,Mitsubishi Electric внутр.MS-GF25VA/внеш.MU-GF25VA,Активирован,1,,,,,,,,,,,,,20260226,,,,
УД,196621928,EMTS1716,"г. Санкт-Петербург, ул. Цимбалина, д.22",Невский,219257960,LG S24LHP NEO,Активирован,1,244852501,Axioma внутр.ASX12HZ1R/внеш.ASB12HZ1R,Активирован,1,,,,,,,,,,,,,20260122,,,,
УА,196622019,EMTS827,"г. Санкт-Петербург, ул. Черняховского, д.59",Центральный,209156952,Mitsubishi Electric внутр.MS-GE50VB/внеш.MU-GE50VB,Активирован,1,,,,,,,,,,,,,,,,,20260127,,,,
УД,196622049,EMTS1043,"г. Санкт-Петербург, ул. Шаврова, д.21, корп.2",Приморский,213120297,Mitsubishi Electric внутр.SRK28HG-S/внеш.SRС28HG-S,Активирован,1,213120298,Mitsubishi Electric внутр.SRK28HG-S/внеш.SRС28HG-S,Активирован,1,,,,,,,,,,,,,20260210,,,,
УД,196622056,EMTS1044,"г. Санкт-Петербург, ул. Шамшева, д.8",Петроградский,209156231,Daikin внутр.FT25JV1B/внеш.R25DV1,Активирован,1,209156249,Daikin внутр.FT25JV1B/внеш.R25DV1,Активирован,1,,,,,,,,,,,,,20260217,,,,
УД,196622072,EMTS948,"г. Санкт-Петербург, пр. Шаумяна, д.51",Красногвардейский,208385969,Daikin внутр.FT25DVM/внеш.R25DV1,Активирован,1,,,,,,,,,,,,,,,,,20260219,,,,
УД,196622074,EMTS1718,"г. Санкт-Петербург, ул. Швецова, д.39",Кировский,208386707,Daikin внутр.FT25DVM/внеш.R25DV1,Активирован,1,,,,,,,,,,,,,,,,,20260313,,,,
УД,196622086,EMTS407,"г. Санкт-Петербург, ул. Шевченко, д.27",Василеостровский,212676862,Panasonic внутр.CS-C9HKD/внеш.CU-C9HKD,Активирован,1,241183295,Kentatsu внутр.KSGPA26HZRN1 / внеш.KSRPA26HZRN1,Активирован,1,,,,,,,,,,,,,20260211,,,,
УД,196622127,EMTS1047,"г. Санкт-Петербург, ул. Школьная, д.114, корп.1",Приморский,243333674,Kentatsu внутр.KSGA26HFAN1/внеш.KSRA26HFAN1,Активирован,1,,,,,,,,,,,,,,,,,20260210,,,,
УД,196622137,EMTS1048,"г. Санкт-Петербург, ул. Школьная, д.16",Приморский,244203774,Kentatsu внутр.KSGA26HFAN1/внеш.KSRA26HFAN1,Активирован,1,,,,,,,,,,,,,,,,,20260310,,,,
УД,196622199,EMTS950,"г. Санкт-Петербург, пр. Энгельса, д.111, корп.1",Выборгский,209142314,Daikin внутр.FT25DVM/внеш.R25DV1,Активирован,1,209142316,Daikin внутр.FT25DVM/внеш.R25DV1,Активирован,1,,,,,,,,,,,,,20260121,,,,
УД,196622222,EMTS951,"г. Санкт-Петербург, пр. Энгельса, д.53",Выборгский,208385975,Daikin внутр.FT25CV1A8/внеш.R25CV1A,Активирован,1,208385977,Daikin внутр.FT25CV1A8/внеш.R25CV1A,Активирован,1,,,,,,,,,,,,,20260202,,,,
УД,196622236,EMTS952,"г. Санкт-Петербург, пр. Энтузиастов, д.16, корп.2",Красногвардейский,241454232,Kentatsu внутр.KSGPA26HZRN1 / внеш.KSRPA26HZRN1,Активирован,1,,,,,,,,,,,,,,,,,20260119,,,,
УД,196622260,EMTS953,"г. Санкт-Петербург, пр. Юрия Гагарина, д.18, корп.3",Московский,208386819,Mitsubishi Electric внутр.SRK28HG-S/внеш.SRС28HG-S,Активирован,1,,,,,,,,,,,,,,,,,20260129,,,,
УД,196622286,EMTS1720,"г. Санкт-Петербург, ул. Якубовича, д.16",Адмиралтейский,216192508,Mitsubishi Electric внутр.MS-GF25VA/внеш.MU-GF25VA,Активирован,1,,,,,,,,,,,,,,,,,20260128,,,,
УД,196622352,EMTS863,"г. Санкт-Петербург, линия 13-я В.о., д.20",Василеостровский,208385857,Daikin внутр.FT25DVM/внеш.R25DV1,Активирован,1,208385859,Panasonic внутр.CS-C9GKD/внеш.CU-C9GKD,Активирован,1,,,,,,,,,,,,,20260218,,,,
УД,196622409,EMTS1585,"г. Санкт-Петербург, линия 19-я В.о., д.10",Василеостровский,208386039,Daikin внутр.FT50CV1A8/внеш.R50CV1A,Активирован,1,,,,,,,,,,,,,,,,,20260218,,,,
УД,196622485,EMTS865,"г. Санкт-Петербург, линия 6-я В.о., д.21",Василеостровский,208385865,Daikin внутр.FT25DVM/внеш.R25DV1,Активирован,1,,,,,,,,,,,,,,,,,20260211,,,,
УД,196622513,EMTS1586,"г. Санкт-Петербург, линия 8-я В.о., д.69",Василеостровский,208386041,Daikin внутр.FT50CV1A8/внеш.R50CV1A,Активирован,1,,,,,,,,,,,,,,,,,20260211,,,,
УД,196622544,EMTS1725,"г. Сестрорецк, ул. Володарского, д.7/9",Курортный,208386721,Daikin внутр.FT25CV1A8/внеш.R25CV1A,Активирован,1,208386723,Daikin внутр.FT25CV1A8/внеш.R25CV1A,Активирован,1,,,,,,,,,,,,,20260209,,,,
УД,196622571,EMTS1723,"г. Сестрорецк, наб. Реки Сестры, д.8",Курортный,208386717,Daikin внутр.FT25CV1A8/внеш.R25CV1A,Активирован,1,208386719,Daikin внутр.FT25CV1A8/внеш.R25CV1A,Активирован,1,,,,,,,,,,,,,20260209,,,,
УА,196622573,EMTS396,"г. Сестрорецк, пл. Свободы, д.1",Курортный,243601947,Daichi внутр.DA100ALKS1R/внеш.DF100ALS1R,Активирован,3,240430374,Daichi внутр.DA25AVQS1-SL/внеш.DF25AVS1-L,Активирован,1,209040080,Mitsubishi Electric внутр.MS-GA80VB/внеш.MU-GD80VB,На складе,3,,,,,,,,,20260209,,,,
УД,196622582,EMTS1050,"г. Сестрорецк, ул. Токарева, д.10",Курортный,208386369,Panasonic внутр.CS-C9GKD/внеш.CU-C9GKD,Активирован,1,223052916,Mitsubishi Electric внутр.MS-GF25VA/внеш.MU-GF25VA,Активирован,1,,,,,,,,,,,,,20260209,,,,
УД,196622593,EMTS4437,"г. Сестрорецк, ул. Токарева, д.7",Курортный,208386373,Panasonic внутр.CS-C9GKD/внеш.CU-C9GKD,Активирован,1,208386375,Panasonic внутр.CS-C9GKD/внеш.CU-C9GKD,Активирован,1,,,,,,,,,,,,,20260209,,,,
УД,196622626,EMTS1574,"п. Стрельна, ул. Фронтовая, д.8А",Петродворцовый,208386003,Daikin внутр.FT25CV1A8/внеш.R25CV1A,Активирован,1,208966010,Mitsubishi Electric внутр.SRK28HG-S/внеш.SRС28HG-S,Активирован,1,,,,,,,,,,,,,20260220,,,,
УД,204250364,EMTS3704,"г. Кронштадт, пр. Ленина, д.20",Кронштадтский,209020118,Daikin внутр.FT25DVM/внеш.R25DV1,Активирован,1,209020119,Daikin внутр.FT25DVM/внеш.R25DV1,Активирован,1,,,,,,,,,,,,,20260205,,,,
УД,204251392,EMTS3712,"г. Санкт-Петербург, ул. Беговая, д.9, корп.1",Приморский,209020110,Daikin внутр.FT25DVM/внеш.R25DV1,Активирован,1,222564919,Mitsubishi Electric внутр.MS-GF25VA/внеш.MU-GF25VA,Активирован,1,,,,,,,,,,,,,20260217,,,,
УД,204256594,EMTS3707,"г. Санкт-Петербург, ул. Большая Монетная, д.27",Петроградский,213138757,Daikin внутр.FTXS20K2V1B/внеш.RXS20K3V1B,Активирован,1,213138758,Daikin внутр.FTXS20K2V1B/внеш.RXS20K3V1B,Активирован,1,,,,,,,,,,,,,20260113,,,,
УД,204258027,EMTS1693,"г. Санкт-Петербург, ул. Омская, д.3",Приморский,209156115,Daikin внутр.FT25DVM/внеш.R25DV1,Активирован,1,209156118,Daikin внутр.FT25DVM/внеш.R25DV1,Активирован,1,,,,,,,,,,,,,20260310,,,,
УД,204259656,EMTS3710,"г. Санкт-Петербург, ул. Савушкина, д.4",Приморский,211928382,Mitsubishi Electric внутр.SRK28HG-S/внеш.SRС28HG-S,Активирован,1,244915698,Daichi внутр.DA70BLKS1R1/внеш.DF70BLS1R1,Активирован,2,,,,,,,,,,,,,20260210,,,,
УД,204260135,EMTS3711,"г. Санкт-Петербург, пр. Славы, д. 53",Фрунзенский,224547966,Daikin внутр.FT25CV1A/внеш.R25CV1A,Активирован,1,224547965,Daikin внутр.FT25CV1A/внеш.R25CV1A,Активирован,1,,,,,,,,,,,,,20260130,,,,
УД,207645812,EMTS4825,"г. Санкт-Петербург, наб. Реки Мойки, д.85",Адмиралтейский,216296209,Mitsubishi Electric внутр.SRK71ZSPR-S/внеш.SRC71ZSPR-S,Активирован,3,212634536,Mitsubishi Electric внутр.MSC-GA80VB/внеш.MU-GA80VB,Активирован,3,212634535,Mitsubishi Electric внутр.MS-GD80VB/внеш.MU-GD80VB,Активирован,3,212634534,Mitsubishi Electric внутр.MS-GA60VB/внеш.MU-GA60VB,Активирован,3,213351337,Mitsubishi Heavy Industriel внутр.SRK71HES1-S1/внеш.SRK71HES1-S1,Активирован,3,20260126,,,,
УА,207796854,EMTS5015,"г. Санкт-Петербург, пр. Шаумяна, д.20",Красногвардейский,224169707,Mitsubishi Electric внутр.MS-GF50VA/внеш.MU-GF50VА,Активирован,2,224169709,Mitsubishi Electric внутр.MS-GF50VA/внеш.MU-GF50VА,Активирован,2,,,,,,,,,,,,,20260123,,,,
УД,207935017,EMTS7043,"г. Санкт-Петербург, проезд Смольный, д.1 (п. 51) (с земли)",Центральный,210810627,Mitsubishi Electric внутр.PEA-RP250GAQ/внеш.PUHZ-P250YHA3,Активирован,5,210810621,Mitsubishi Electric внутр.PEA-RP250GAQ/внеш.PUHZ-P250YHA3,Активирован,5,,,,,,,,,,,,,20260227,,,,
УД,207955182,EMTS5018,"г. Санкт-Петербург, пр. Ленинский, д.51",Красносельский,209008373,Daikin внутр.FTXS25K2V1B/внеш.RXS25L2V1B,Активирован,1,209008374,Daikin внутр.FTXS25K2V1B/внеш.RXS25L2V1B,Активирован,1,,,,,,,,,,,,,20260311,,,,
УД,207967704,EMTS3238,"г. Санкт-Петербург, ул. Асафьева, д.1",Выборгский,209329440,Daikin внутр.FTXS25K2V1B/внеш.RXS25L2V1B,Активирован,1,208648735,Daikin внутр.FTXS25K2V1B/внеш.RXS25L2V1B,Активирован,1,,,,,,,,,,,,,20260121,,,,
УД,207967718,EMTS2982,"г. Санкт-Петербург, пр. Наставников, д.20, корп.1",Красногвардейский,223587900,Mitsubishi Electric внутр.MS-GF25VA/внеш.MU-GF25VA,Активирован,1,223587902,Mitsubishi Electric внутр.MS-GF25VA/внеш.MU-GF25VA,Активирован,1,,,,,,,,,,,,,20260119,,,,
УД,207967725,EMTS3124,"г. Санкт-Петербург, пр. Товарищеский, д.24А",Невский,209463566,Daikin внутр.FTXS25K2V1B/внеш.RXS25L2V1B,Активирован,1,208648870,Daikin внутр.FTXS25K2V1B/внеш.RXS25L2V1B,Активирован,1,,,,,,,,,,,,,20260116,,,,
УД,207967743,EMTS2831,"г. Санкт-Петербург, пр. Железнодорожный, д.28",Невский,208774057,Daikin внутр.FTXS25K2V1B/внеш.RXS25L2V1B,Активирован,1,208774069,Daikin внутр.FTXS25K2V1B/внеш.RXS25L2V1B,Активирован,1,,,,,,,,,,,,,20260122,,,,
УД,207967756,EMTS105,"г. Санкт-Петербург, ул. Костюшко, д.4",Московский,209007201,Daikin внутр.FTXS25K2V1B/внеш.RXS25L2V1B,Активирован,1,209007202,Daikin внутр.FTXS25K2V1B/внеш.RXS25L2V1B,Активирован,1,,,,,,,,,,,,,20260325,,,,
УД,207967766,EMTS3406,"г. Санкт-Петербург, ул. Будапештская, д.6А",Фрунзенский,209007208,Daikin внутр.FTXS25K2V1B/внеш.RXS25L2V1B,Активирован,1,209007210,Daikin внутр.FTXS25K2V1B/внеш.RXS25L2V1B,Активирован,1,,,,,,,,,,,,,20260120,,,,
УД,207967788,EMTS265,"г. Санкт-Петербург, ул. Олеко Дундича, д.8, корп.2",Фрунзенский,209007247,Daikin внутр.FTXS25K2V1B/внеш.RXS25L2V1B,Активирован,1,209007249,Daikin внутр.FTXS25K2V1B/внеш.RXS25L2V1B,Активирован,1,,,,,,,,,,,,,20260120,,,,
УД,207967793,EMTS140,"г. Санкт-Петербург, ул. Лахтинская, д.32",Петроградский,209008364,Daikin внутр.FTXS25K2V1B/внеш.RXS25L2V1B,Активирован,1,209008365,Daikin внутр.FTXS25K2V1B/внеш.RXS25L2V1B,Активирован,1,,,,,,,,,,,,,20260115,,,,
УД,207967796,EMTS132,"г. Санкт-Петербург, ул. Курчатова, д.6, корп.3",Выборгский,209008366,Daikin внутр.FTXS25K2V1B/внеш.RXS25L2V1B,Активирован,1,209008367,Daikin внутр.FTXS25K2V1B/внеш.RXS25L2V1B,Активирован,1,,,,,,,,,,,,,20260202,,,,
УД,207967800,EMTS2635,"г. Санкт-Петербург, пер. Матвеева, д.3Г",Адмиралтейский,209008368,Daikin внутр.FTXS25K2V1B/внеш.RXS25L2V1B,Активирован,1,209008369,Daikin внутр.FTXS25K2V1B/внеш.RXS25L2V1B,Активирован,1,,,,,,,,,,,,,20260316,,,,
УД,207967808,EMTS3057,"г. Санкт-Петербург, пр. Просвещения, д.53, корп.2",Калининский,209008370,Daikin внутр.FTXS25K2V1B/внеш.RXS25L2V1B,Активирован,1,209008371,Daikin внутр.FTXS25K2V1B/внеш.RXS25L2V1B,Активирован,1,,,,,,,,,,,,,20260310,,,,
УД,207974127,EMTS5068,"г. Кронштадт, ул. Сургина, д.6Б",Кронштадтский,208993594,Daikin внутр.FTXS20K2V1B/внеш.RXS20L2V1B,Активирован,1,208993599,Daikin внутр.FTXS20K2V1B/внеш.RXS20L2V1B,Активирован,1,,,,,,,,,,,,,20260205,,,,
УД,207974239,EMTS5111,"г. Колпино, ул. Тазаева, д.28",Колпинский,208659056,Daikin внутр.FTXS20K2V1B/внеш.RXS20L2V1B,Активирован,1,208659058,Daikin внутр.FTXS20K2V1B/внеш.RXS20L2V1B,Активирован,1,,,,,,,,,,,,,20260304,,,,
УД,207974258,EMTS5387,"г. Санкт-Петербург, ш. Революции, д.85А",Красногвардейский,208659531,Daikin внутр.FTXS50K2V1B/внеш.RXS50L2V1B,Активирован,2,208659532,Daikin внутр.FTXS50K2V1B/внеш.RXS50L2V1B,Активирован,2,,,,,,,,,,,,,20260219,,,,
УД,207974306,EMTS5064,"г. Красное Село, ул. Бронетанковая, д.10А, корп.1",Красносельский,208659104,Daikin внутр.FTXS20K2V1B/внеш.RXS20L2V1B,Активирован,1,208659105,Daikin внутр.FTXS20K2V1B/внеш.RXS20L2V1B,Активирован,1,,,,,,,,,,,,,20260311,,,,
УД,207974330,EMTS5063,"г. Санкт-Петербург, пр. Большевиков, д.59А, корп.3",Невский,208659277,Daikin внутр.FTXS20K2V1B/внеш.RXS20L2V1B,Активирован,1,208659278,Daikin внутр.FTXS20K2V1B/внеш.RXS20L2V1B,Активирован,1,,,,,,,,,,,,,20260116,,,,
УД,207974341,EMTS5113,"г. Пушкин, ул. Радищева, д.11/18",Пушкинский,208659160,Daikin внутр.FTXS20K2V1B/внеш.RXS20L2V1B,Активирован,1,208659178,Daikin внутр.FTXS20K2V1B/внеш.RXS20L2V1B,Активирован,1,,,,,,,,,,,,,20260225,,,,
УД,207974373,EMTS5072,"г. Санкт-Петербург, ул. Салова, д.66А, корп.1",Фрунзенский,208659204,Daikin внутр.FTXS20K2V1B/внеш.RXS20L2V1B,Активирован,1,208659205,Daikin внутр.FTXS20K2V1B/внеш.RXS20L2V1B,Активирован,1,,,,,,,,,,,,,20260120,,,,
УД,207974377,EMTS5069,"г. Санкт-Петербург, ул. Софийская, д.8, корп.2",Фрунзенский,208659215,Daikin внутр.FTXS20K2V1B/внеш.RXS20L2V1B,Активирован,1,208659218,Daikin внутр.FTXS20K2V1B/внеш.RXS20L2V1B,Активирован,1,,,,,,,,,,,,,20260120,,,,
УД,207974398,EMTS5074,"г. Санкт-Петербург, пр. Литейный, д.31Г",Центральный,208659268,Daikin внутр.FTXS20K2V1B/внеш.RXS20L2V1B,Активирован,1,208659269,Daikin внутр.FTXS20K2V1B/внеш.RXS20L2V1B,Активирован,1,,,,,,,,,,,,,20260114,,,,
УА,208085283,EMTS5002,"г. Санкт-Петербург, пр. Ветеранов, д.56",Кировский,209435669,Daikin внутр.FTXS50K2V1B/внеш.RXS50L2V1B,Активирован,2,239821392,Kentatsu внутр.KSGY53HZRN1/внеш.KSRY53HZRN1,Активирован,2,,,,,,,,,,,,,20260206,,,,
УА,208229237,AIS5169,"г. Санкт-Петербург, пр. Обуховской Обороны, 163А",Невский,209085412,Daikin внутр.FDMQN100CXV1/внеш.RQ100DXY1,#N/A,4,209085410,Daikin внутр.FDMQN100CXV1/внеш.RQ100DXY1,#N/A,4,,,,,,,,,,,,,20260324,,,,
УА,208229255,EMTS9446,"г. Санкт-Петербург, ул. Садовая, 55-57А",Адмиралтейский,210110457,Daikin внутр.FDMQN100CXV1/внеш.RQ100DXY1,Активирован,4,210110456,Daikin внутр.FDMQN100CXV1/внеш.RQ100DXY1,Активирован,4,,,,,,,,,,,,,20260126,,,,
УД,208379718,EMTS5066,"г. Кронштадт, ш. Кронштадтское, д.1А",Кронштадтский,208993569,Daikin внутр.FTXS20K2V1B/внеш.RXS20L2V1B,Активирован,1,208993570,Daikin внутр.FTXS20K2V1B/внеш.RXS20L2V1B,Активирован,1,,,,,,,,,,,,,20260205,,,,
УД,209475261,EMTS5427,"г. Санкт-Петербург, ул. Железноводская, д.3А",Василеостровский,211908459,Daikin внутр.FTXS50K/внеш.RXS50L,Активирован,1,242863270,Daichi внутр.SIB35AVQS1R/внеш.SIB35FVS1R,Активирован,1,,,,,,,,,,,,,20260218,,,,
УД,209479546,EMTS5426,"г. Санкт-Петербург, ул. Седова, д.54А, корп.3",Невский,211925949,Daikin внутр.FTXS35K2V1B/внеш.RXS35K2V1B,Активирован,2,211925950,Daikin внутр.FTXS35K2V1B/внеш.RXS35K2V1B,Активирован,2,,,,,,,,,,,,,20260324,,,,
УД,209480728,EMTS5424,"г. Санкт-Петербург, ул. Зои Космодемьянской, д.9А",Кировский,210701159,Daikin внутр.FTXS20K2V1B/внеш.RXS20L3V1B,Активирован,1,210701340,Daikin внутр.FTXS20K2V1B/внеш.RXS20L2V1B,Активирован,1,,,,,,,,,,,,,20260305,,,,
УД,209480978,EMTS5423,"г. Санкт-Петербург, пр. Кондратьевский, д.16/11А",Калининский,210222921,Daikin внутр.FTXS35K3V1B/внеш.RXS35L3V1B,Активирован,2,210222917,Daikin внутр.FTXS35K2V1B/внеш.RXS35K2V1B,Активирован,2,,,,,,,,,,,,,20260212,,,,
УА,209723743,EMTS5768,"г. Санкт-Петербург, ш. Петергофское, д.47, корп.2",Красносельский,208990754,Daikin внутр.FHQ100BVV1B/внеш.RR100B8V3B,Активирован,4,240965125,Mitsubishi Electric внутр.PLA-RP125BA/внутр.PLA-RPA125BA/внеш.PUHZ-P250YHA3,Активирован,4,208990761,Daikin внутр.FHQ100BVV1B/внеш.RR100B8V3B,Активирован,4,,,,,,,,,20260326,,,,
УД,210249986,EMTS6012,"г. Санкт-Петербург, ул. Витебская, д.11-13",Адмиралтейский,212494932,Daikin внутр.FTXS35K3V1B/внеш.RXS35L3V1B,Активирован,2,212494931,Daikin внутр.FTXS35K3V1B/внеш.RXS35L3V1B,Активирован,2,,,,,,,,,,,,,20260320,,,,
УД,210477901,EMTS6138,"г. Санкт-Петербург, наб. Реки Мойки, д.110",Адмиралтейский,213128582,Daikin внутр.FTXS35K3V1B/внеш.RXS35L3V1B,Активирован,2,213128583,Daikin внутр.FTXS35K3V1B/внеш.RXS35L3V1B,Активирован,2,,,,,,,,,,,,,20260112,,,,
УД,210479709,EMTS6139,"г. Санкт-Петербург, пр. Культуры, д.2",Выборгский,212648107,Daikin внутр.FTXS42K3V1B/внеш.RXS42L2V1B,Активирован,2,213128573,Daikin внутр.FTXS42K3V1B/внеш.RXS42L2V1B,Активирован,2,,,,,,,,,,,,,20260213,,,,
УД,210480727,EMTS6140,"г. Санкт-Петербург, ул. Пограничника Гарькавого, д.18, корп.3",Красносельский,213102890,Daikin внутр.FTXS35K3V1B/внеш.RXS35L3V1B,Активирован,2,212647005,Daikin внутр.FTXS35K3V1B/внеш.RXS35L3V1B,Активирован,2,,,,,,,,,,,,,20260326,,,,
УД,213381484,EMTS6585,"г. Санкт-Петербург, пр. Среднеохтинский, д.2В/17",Красногвардейский,213612152,Daikin внутр.FTXS35K3V1B/внеш.RXS35L3V1B,Активирован,2,213612157,Daikin внутр.FTXS35K3V1B/внеш.RXS35L3V1B,Активирован,2,,,,,,,,,,,,,20260119,,,,
УД,213381498,EMTS6583,"г. Санкт-Петербург, ул. Рентгена, д.6",Петроградский,213614117,Daikin внутр.FTXS35K3V1B/внеш.RXS35L3V1B,Активирован,2,213614116,Daikin внутр.FTXS35K3V1B/внеш.RXS35L3V1B,Активирован,2,,,,,,,,,,,,,20260115,,,,
УД,213381517,EMTS6586,"г. Санкт-Петербург, пр. Большеохтинский, д.7, корп.2",Красногвардейский,214672857,Daikin внутр.FTXS35K3V1B/внеш.RXS35L3V1B,Активирован,2,214672858,Daikin внутр.FTXS35K3V1B/внеш.RXS35L3V1B,Активирован,2,,,,,,,,,,,,,20260219,,,,
УД,213382371,EMTS4871,"п. Ушково, ш. Приморское, д.605з",Курортный,213654114,Daikin внутр.ATXS35K3V1B/внеш.ARXS35L3V1B,Активирован,2,213654115,Daikin внутр.ATXS35K3V1B/внеш.ARXS35L3V1B,Активирован,2,,,,,,,,,,,,,20260204,,,,
УД,213397835,EMTS6682,"г. Санкт-Петербург, пр. Пискаревский, д.49В",Калининский,213643977,Daikin внутр.ATXS35K3V1B/внеш.ARXS35L3V1B,Активирован,2,213643978,Daikin внутр.ATXS35K3V1B/внеш.ARXS35L3V1B,Активирован,2,,,,,,,,,,,,,20260202,,,,
УД,213398179,EMTS5902,"г. Санкт-Петербург, ул. Ленсовета, д.54, корп.2",Московский,213648408,Daikin внутр.FTXS35K3V1B/внеш.RXS35L3V1B,Активирован,2,213648407,Daikin внутр.FTXS35K3V1B/внеш.RXS35L3V1B,Активирован,2,,,,,,,,,,,,,20260317,,,,
УД,218334479,EMTS7328,"г. Санкт-Петербург, ул. Парадная, д. 4В",Центральный,222994321,Mitsubishi Electric внутр.MS-GF50VA/внеш.MU-GF50VА,Активирован,2,223117700,Mitsubishi Electric внутр.MS-GF50VA/внеш.MU-GF50VА,Активирован,2,,,,,,,,,,,,,20260306,,,,
УД,218334676,EMTS7329,"г. Санкт-Петербург, пр. Кондратьевский, д. 25В",Калининский,224703676,Mitsubishi Electric внутр.MS-GF20VA/ внеш.MU-GF20VA,Активирован,1,240211588,Mitsubishi Electric внутр.MS-GF20VA/ внеш.MU-GF20VA,Активирован,1,,,,,,,,,,,,,20260212,,,,
УА,218632990,EMTS7402,"г. Петергоф, ул. Калининская, д.7",Петродворцовый,223763712,Mitsubishi Electric внутр. PKA-M71KAL/ внеш. PU-P71YHAR3,Активирован,3,218934631,Mitsubishi Electric внутр. PKA-M71KAL/ внеш. PU-P71YHAR3,Активирован,3,209814820,Mitsubishi Heavy внутр.SRK80ZM-S/внеш.SRC80ZM-S,Активирован,3,209139872,Daikin внутр.FTXS60GV1B/внеш.RXS60F3V1B,Активирован,2,,,,,20260311,,,,
УД,220717049,EMTS7694,"г. Санкт-Петербург, ул. Яхтенная, д. 7, корп. 2",Приморский,221673949,Daikin внутр.FTXS35K3V1B/внеш.RXS35L3V1B,Активирован,1,221673948,Daikin внутр.FTXS35K3V1B/внеш.RXS35L3V1B,Активирован,1,,,,,,,,,,,,,20260210,,,,
ТД,220717176,EMTS7695,"г. Санкт-Петербург, пр. Пархоменко, д. 18А",Выборгский,221671663,Daikin внутр.FTXS35K3V1B/внеш.RXS35L3V1B,Активирован,1,221671664,Daikin внутр.FTXS35K3V1B/внеш.RXS35L3V1B,Активирован,1,,,,,,,,,,,,,20260202,,,,
УД,222901274,EMTS8103,"г.Санкт-Петербург, Зеленогорская улица, дом 16, литера А",Выборгский,223187408,Daikin внутр.FTXS35K3V1B/внеш.RXS35L3V1B,Активирован,1,223187407,Daikin внутр.FTXS35K3V1B/внеш.RXS35L3V1B,Активирован,1,,,,,,,,,,,,,20260226,,,,
,239155997,ESOTR197,"г. Санкт-Петербург, ул. Одоевского, д. 29А",Василеостровский,239156057,Кондиционер SKE-1500-220-Е,#N/A,,,,,,,,,,,,,,,,,,20260320,,,,